,user_id,post_id,action,time,gender,age,country,city,os,source,exp_group
0,12019,4442,view,2023-12-21 09:31:22,0,32,Ukraine,Zarichany,Android,ads,0
1,22242,4430,view,2023-12-21 09:31:22,0,16,Russia,Tula,iOS,ads,4
2,131710,4442,view,2023-12-21 09:31:22,1,26,Russia,Vladivostok,Android,organic,2
3,137916,4448,view,2023-12-21 09:31:22,0,15,Belarus,Minsk,Android,organic,3
4,33757,4386,view,2023-12-21 09:31:23,0,16,Ukraine,Sevastopol,Android,ads,3
5,66577,4341,view,2023-12-21 09:31:23,0,42,Russia,Kandalaksha,Android,ads,0
6,66583,4306,view,2023-12-21 09:31:23,1,21,Russia,Okhotsk,Android,ads,1
7,117197,4396,view,2023-12-21 09:31:23,1,40,Russia,Moscow,Android,organic,1
8,137205,4460,view,2023-12-21 09:31:23,1,34,Russia,Moscow,Android,organic,0
9,148957,4332,view,2023-12-21 09:31:23,1,35,Russia,Berdsk,Android,organic,1
10,151576,4376,view,2023-12-21 09:31:23,1,20,Estonia,Tallinn,Android,organic,0
11,157651,4377,view,2023-12-21 09:31:23,1,23,Russia,Glazov,iOS,organic,3
12,163812,4445,like,2023-12-21 09:31:23,0,19,Russia,Bratsk,Android,organic,0
13,49577,4412,like,2023-12-21 09:31:24,1,22,Russia,Belgorod,Android,ads,2
14,54625,4306,view,2023-12-21 09:31:24,0,52,Russia,Moscow,iOS,ads,3
15,56296,4362,view,2023-12-21 09:31:24,1,25,Russia,Saint Petersburg,Android,ads,0
16,56296,4352,view,2023-12-21 09:31:24,1,25,Russia,Saint Petersburg,Android,ads,0
17,64548,4452,view,2023-12-21 09:31:24,1,25,Russia,Ryazan,iOS,ads,3
18,120562,4346,view,2023-12-21 09:31:24,1,47,Russia,Moscow,iOS,organic,2
19,123567,4456,view,2023-12-21 09:31:24,1,27,Russia,Yemva,Android,organic,2
20,137205,4288,view,2023-12-21 09:31:24,1,34,Russia,Moscow,Android,organic,0
21,166580,4307,view,2023-12-21 09:31:24,1,24,Cyprus,Paphos,iOS,organic,1
22,57935,4487,view,2023-12-21 09:31:25,1,39,Russia,Solikamsk,iOS,ads,3
23,65918,4404,like,2023-12-21 09:31:25,1,21,Russia,Moscow,Android,ads,0
24,113200,4157,view,2023-12-21 09:31:25,0,22,Russia,Moscow,iOS,organic,0
25,145774,4294,like,2023-12-21 09:31:25,0,30,Ukraine,Sevastopol,Android,organic,1
26,60535,4382,view,2023-12-21 09:31:26,0,16,Belarus,Navapolatsk,Android,ads,3
27,61835,4306,view,2023-12-21 09:31:26,1,40,Russia,Svobodnyy,Android,ads,2
28,123567,4377,like,2023-12-21 09:31:26,1,27,Russia,Yemva,Android,organic,2
29,134203,4452,view,2023-12-21 09:31:26,0,19,Russia,Tomsk,iOS,organic,3
30,154623,4377,view,2023-12-21 09:31:26,0,37,Russia,Lipetsk,iOS,organic,1
31,162604,4430,like,2023-12-21 09:31:26,1,15,Russia,Ust’-Ilimsk,Android,organic,4
32,62734,4419,view,2023-12-21 09:31:27,0,24,Russia,Leninsk-Kuznetskiy,Android,ads,0
33,116419,4377,view,2023-12-21 09:31:27,1,32,Russia,Moscow,Android,organic,0
34,120562,4475,view,2023-12-21 09:31:27,1,47,Russia,Moscow,iOS,organic,2
35,121824,4430,view,2023-12-21 09:31:27,0,21,Russia,Moscow,Android,organic,2
36,122543,4483,view,2023-12-21 09:31:27,1,16,Russia,Salavat,iOS,organic,4
37,161589,4307,view,2023-12-21 09:31:27,1,21,Russia,Krasnodar,Android,organic,2
38,164978,4445,like,2023-12-21 09:31:27,1,47,Russia,Barnaul,Android,organic,4
39,165784,4392,view,2023-12-21 09:31:27,1,20,Russia,Izhevsk,Android,organic,1
40,33757,4472,view,2023-12-21 09:31:28,0,16,Ukraine,Sevastopol,Android,ads,3
41,49915,4527,view,2023-12-21 09:31:28,0,27,Russia,Krasnogorsk,Android,ads,3
42,62734,4451,view,2023-12-21 09:31:28,0,24,Russia,Leninsk-Kuznetskiy,Android,ads,0
43,116701,4157,view,2023-12-21 09:31:28,1,19,Turkey,Bingöl,iOS,organic,1
44,123182,4332,view,2023-12-21 09:31:28,1,17,Russia,Kemerovo,Android,organic,1
45,164418,4307,view,2023-12-21 09:31:28,1,19,Russia,Balashikha,Android,organic,2
46,65918,4480,view,2023-12-21 09:31:29,1,21,Russia,Moscow,Android,ads,0
47,66532,4468,view,2023-12-21 09:31:29,1,50,Belarus,Mahilyow,Android,ads,4
48,120562,4294,view,2023-12-21 09:31:29,1,47,Russia,Moscow,iOS,organic,2
49,121279,4188,view,2023-12-21 09:31:29,0,21,Russia,Yadrin,Android,organic,3
50,131429,4376,view,2023-12-21 09:31:29,1,16,Russia,Azov,Android,organic,1
51,157651,4404,view,2023-12-21 09:31:29,1,23,Russia,Glazov,iOS,organic,3
52,157651,4447,view,2023-12-21 09:31:29,1,23,Russia,Glazov,iOS,organic,3
53,160572,4396,view,2023-12-21 09:31:29,0,23,Russia,Buzuluk,iOS,organic,1
54,10969,4454,view,2023-12-21 09:31:30,1,17,Kazakhstan,Nur-Sultan,Android,ads,2
55,15980,4447,view,2023-12-21 09:31:30,1,37,Russia,Moscow,Android,ads,2
56,54625,4475,view,2023-12-21 09:31:30,0,52,Russia,Moscow,iOS,ads,3
57,61597,4488,view,2023-12-21 09:31:30,0,31,Russia,Arkhangelsk,Android,ads,3
58,128779,4306,view,2023-12-21 09:31:30,0,22,Russia,Fëdorovka,Android,organic,1
59,160484,4488,view,2023-12-21 09:31:30,1,17,Russia,Novovyatsk,iOS,organic,2
60,164978,4471,like,2023-12-21 09:31:30,1,47,Russia,Barnaul,Android,organic,4
61,1972,4419,like,2023-12-21 09:31:31,1,36,Russia,Saint Petersburg,iOS,ads,1
62,30651,4342,view,2023-12-21 09:31:31,1,18,Turkey,Nazilli,iOS,ads,1
63,38364,4448,view,2023-12-21 09:31:31,0,19,Russia,Perm,iOS,ads,1
64,60535,4491,view,2023-12-21 09:31:31,0,16,Belarus,Navapolatsk,Android,ads,3
65,66600,4485,view,2023-12-21 09:31:31,0,29,Russia,Saint Petersburg,Android,ads,4
66,137205,4491,view,2023-12-21 09:31:31,1,34,Russia,Moscow,Android,organic,0
67,140045,4419,view,2023-12-21 09:31:31,0,16,Russia,Moscow,Android,organic,2
68,148483,4241,view,2023-12-21 09:31:31,1,22,Russia,Chelyabinsk,Android,organic,4
69,165945,4404,view,2023-12-21 09:31:31,1,17,Russia,Moscow,iOS,organic,0
70,60535,4509,view,2023-12-21 09:31:32,0,16,Belarus,Navapolatsk,Android,ads,3
71,66580,4473,view,2023-12-21 09:31:32,1,39,Russia,Moscow,Android,ads,0
72,131429,4430,view,2023-12-21 09:31:32,1,16,Russia,Azov,Android,organic,1
73,146480,4472,view,2023-12-21 09:31:32,0,15,Russia,Tomsk,Android,organic,0
74,148957,4382,view,2023-12-21 09:31:32,1,35,Russia,Berdsk,Android,organic,1
75,61810,4412,view,2023-12-21 09:31:33,1,55,Russia,Tolyatti,Android,ads,1
76,116497,4294,view,2023-12-21 09:31:33,0,19,Russia,Tambov,iOS,organic,2
77,131710,4442,like,2023-12-21 09:31:33,1,26,Russia,Vladivostok,Android,organic,2
78,148483,4328,like,2023-12-21 09:31:33,1,22,Russia,Chelyabinsk,Android,organic,4
79,159990,4489,view,2023-12-21 09:31:33,1,20,Russia,Kurgan,Android,organic,4
80,162604,4341,view,2023-12-21 09:31:33,1,15,Russia,Ust’-Ilimsk,Android,organic,4
81,163669,4345,view,2023-12-21 09:31:33,0,21,Russia,Saint Petersburg,Android,organic,2
82,164978,4435,view,2023-12-21 09:31:33,1,47,Russia,Barnaul,Android,organic,4
83,61835,4261,view,2023-12-21 09:31:34,1,40,Russia,Svobodnyy,Android,ads,2
84,62734,4428,view,2023-12-21 09:31:34,0,24,Russia,Leninsk-Kuznetskiy,Android,ads,0
85,64561,4368,view,2023-12-21 09:31:34,0,21,Russia,Syktyvkar,Android,ads,0
86,66174,4342,like,2023-12-21 09:31:34,0,28,Russia,Shakhty,iOS,ads,0
87,114605,4307,view,2023-12-21 09:31:34,0,20,Russia,Novosibirsk,Android,organic,2
88,117197,4294,view,2023-12-21 09:31:34,1,40,Russia,Moscow,Android,organic,1
89,133290,4377,view,2023-12-21 09:31:34,0,18,Russia,Korolëv,iOS,organic,3
90,157651,4382,like,2023-12-21 09:31:34,1,23,Russia,Glazov,iOS,organic,3
91,162922,4407,view,2023-12-21 09:31:34,1,55,Russia,Kirsanov,Android,organic,3
92,2948,4441,like,2023-12-21 09:31:35,0,18,Russia,Samara,Android,ads,2
93,9029,4488,view,2023-12-21 09:31:35,1,24,Russia,Tuymazy,Android,ads,3
94,66174,4472,view,2023-12-21 09:31:35,0,28,Russia,Shakhty,iOS,ads,0
95,111333,4484,view,2023-12-21 09:31:35,1,29,Russia,Gorokhovets,Android,organic,4
96,124181,4489,view,2023-12-21 09:31:35,0,17,Russia,Noginsk,Android,organic,2
97,152795,4441,view,2023-12-21 09:31:35,1,27,Russia,Lipetsk,Android,organic,0
98,29526,4377,view,2023-12-21 09:31:36,0,15,Belarus,Minsk,Android,ads,1
99,58540,4351,like,2023-12-21 09:31:36,0,22,Russia,Kursk,iOS,ads,0
100,61810,4428,view,2023-12-21 09:31:36,1,55,Russia,Tolyatti,Android,ads,1
101,62734,4345,view,2023-12-21 09:31:36,0,24,Russia,Leninsk-Kuznetskiy,Android,ads,0
102,62734,4457,view,2023-12-21 09:31:36,0,24,Russia,Leninsk-Kuznetskiy,Android,ads,0
103,66600,4404,like,2023-12-21 09:31:36,0,29,Russia,Saint Petersburg,Android,ads,4
104,106630,4352,view,2023-12-21 09:31:36,1,20,Russia,Tula,Android,ads,4
105,117571,4352,like,2023-12-21 09:31:36,1,21,Russia,Groznyy,iOS,organic,0
106,121824,4438,view,2023-12-21 09:31:36,0,21,Russia,Moscow,Android,organic,2
107,127588,4456,like,2023-12-21 09:31:36,0,21,Russia,Gordeyevka,Android,organic,2
108,127588,4188,view,2023-12-21 09:31:36,0,21,Russia,Gordeyevka,Android,organic,2
109,131710,4460,like,2023-12-21 09:31:36,1,26,Russia,Vladivostok,Android,organic,2
110,151576,4448,view,2023-12-21 09:31:36,1,20,Estonia,Tallinn,Android,organic,0
111,161016,4442,view,2023-12-21 09:31:36,1,16,Russia,Kemerovo,iOS,organic,3
112,166580,4307,like,2023-12-21 09:31:36,1,24,Cyprus,Paphos,iOS,organic,1
113,56859,4328,like,2023-12-21 09:31:37,1,30,Russia,Vladikavkaz,iOS,ads,1
114,106630,4456,view,2023-12-21 09:31:37,1,20,Russia,Tula,Android,ads,4
115,107623,4534,view,2023-12-21 09:31:37,0,18,Russia,Slobodskoy,iOS,organic,4
116,122161,4306,like,2023-12-21 09:31:37,0,52,Ukraine,Kyiv,Android,organic,4
117,160484,4438,view,2023-12-21 09:31:37,1,17,Russia,Novovyatsk,iOS,organic,2
118,166700,4382,like,2023-12-21 09:31:37,0,19,Turkey,Samsun,iOS,organic,0
119,20996,4484,view,2023-12-21 09:31:38,1,16,Russia,Yekaterinburg,iOS,ads,3
120,29023,4404,view,2023-12-21 09:31:38,1,39,Russia,Perm,Android,ads,0
121,30651,4345,view,2023-12-21 09:31:38,1,18,Turkey,Nazilli,iOS,ads,1
122,56859,4446,view,2023-12-21 09:31:38,1,30,Russia,Vladikavkaz,iOS,ads,1
123,116701,4454,view,2023-12-21 09:31:38,1,19,Turkey,Bingöl,iOS,organic,1
124,123182,4448,view,2023-12-21 09:31:38,1,17,Russia,Kemerovo,Android,organic,1
125,142924,4473,like,2023-12-21 09:31:38,0,25,Russia,Moscow,iOS,organic,4
126,148336,4454,like,2023-12-21 09:31:38,1,24,Belarus,Minsk,Android,organic,4
127,162922,4509,view,2023-12-21 09:31:38,1,55,Russia,Kirsanov,Android,organic,3
128,163669,4346,view,2023-12-21 09:31:38,0,21,Russia,Saint Petersburg,Android,organic,2
129,164978,4369,view,2023-12-21 09:31:38,1,47,Russia,Barnaul,Android,organic,4
130,65340,4373,view,2023-12-21 09:31:39,1,19,Russia,Vladivostok,iOS,ads,1
131,65918,4447,view,2023-12-21 09:31:39,1,21,Russia,Moscow,Android,ads,0
132,116302,4352,like,2023-12-21 09:31:39,1,16,Russia,Belgorod,iOS,organic,1
133,137205,4306,like,2023-12-21 09:31:39,1,34,Russia,Moscow,Android,organic,0
134,152166,4352,view,2023-12-21 09:31:39,0,45,Ukraine,Kyiv,Android,organic,0
135,152166,4480,view,2023-12-21 09:31:39,0,45,Ukraine,Kyiv,Android,organic,0
136,155959,4377,view,2023-12-21 09:31:39,0,16,Russia,Gorno-Altaysk,Android,organic,4
137,162604,4362,view,2023-12-21 09:31:39,1,15,Russia,Ust’-Ilimsk,Android,organic,4
138,166698,4454,view,2023-12-21 09:31:39,0,22,Russia,Chelyabinsk,Android,organic,3
139,12019,4419,view,2023-12-21 09:31:40,0,32,Ukraine,Zarichany,Android,ads,0
140,29930,4362,view,2023-12-21 09:31:40,1,24,Kazakhstan,Taraz,Android,ads,1
141,47868,4307,view,2023-12-21 09:31:40,0,24,Russia,Korolëv,Android,ads,4
142,64601,4445,view,2023-12-21 09:31:40,0,23,Russia,Irkutsk,iOS,ads,4
143,116302,4473,view,2023-12-21 09:31:40,1,16,Russia,Belgorod,iOS,organic,1
144,128920,4306,view,2023-12-21 09:31:40,1,26,Russia,Saint Petersburg,iOS,organic,3
145,152166,4491,view,2023-12-21 09:31:40,0,45,Ukraine,Kyiv,Android,organic,0
146,3690,4457,view,2023-12-21 09:31:41,0,33,Russia,Yessentuki,Android,ads,1
147,56296,4319,view,2023-12-21 09:31:41,1,25,Russia,Saint Petersburg,Android,ads,0
148,56859,4445,like,2023-12-21 09:31:41,1,30,Russia,Vladikavkaz,iOS,ads,1
149,66174,4404,like,2023-12-21 09:31:41,0,28,Russia,Shakhty,iOS,ads,0
150,160572,4306,like,2023-12-21 09:31:41,0,23,Russia,Buzuluk,iOS,organic,1
151,57935,4452,view,2023-12-21 09:31:42,1,39,Russia,Solikamsk,iOS,ads,3
152,58319,4332,view,2023-12-21 09:31:42,1,31,Russia,Moscow,iOS,ads,4
153,116419,4386,view,2023-12-21 09:31:42,1,32,Russia,Moscow,Android,organic,0
154,130754,4430,like,2023-12-21 09:31:42,0,15,Russia,Moscow,Android,organic,0
155,131429,4230,view,2023-12-21 09:31:42,1,16,Russia,Azov,Android,organic,1
156,151576,4451,view,2023-12-21 09:31:42,1,20,Estonia,Tallinn,Android,organic,0
157,159918,4332,view,2023-12-21 09:31:42,0,14,Russia,Vichuga,iOS,organic,4
158,166700,4328,view,2023-12-21 09:31:42,0,19,Turkey,Samsun,iOS,organic,0
159,15980,4419,view,2023-12-21 09:31:43,1,37,Russia,Moscow,Android,ads,2
160,52512,4365,view,2023-12-21 09:31:43,1,33,Belarus,Horad Barysaw,Android,ads,0
161,106630,4189,view,2023-12-21 09:31:43,1,20,Russia,Tula,Android,ads,4
162,116497,4491,view,2023-12-21 09:31:43,0,19,Russia,Tambov,iOS,organic,2
163,128920,4527,view,2023-12-21 09:31:43,1,26,Russia,Saint Petersburg,iOS,organic,3
164,15980,4288,view,2023-12-21 09:31:44,1,37,Russia,Moscow,Android,ads,2
165,26305,4448,view,2023-12-21 09:31:44,0,26,Russia,Khasavyurt,iOS,ads,3
166,50583,4405,like,2023-12-21 09:31:44,1,20,Russia,Kemerovo,iOS,ads,3
167,52512,4188,view,2023-12-21 09:31:44,1,33,Belarus,Horad Barysaw,Android,ads,0
168,57806,4261,view,2023-12-21 09:31:44,0,41,Russia,Volzhskiy,iOS,ads,0
169,61701,4362,view,2023-12-21 09:31:44,0,26,Russia,Rogovatoye,iOS,ads,4
170,66008,4318,view,2023-12-21 09:31:44,1,19,Russia,Moscow,Android,ads,0
171,66087,4382,like,2023-12-21 09:31:44,0,19,Russia,Rasskazovo,iOS,ads,1
172,121279,4454,view,2023-12-21 09:31:44,0,21,Russia,Yadrin,Android,organic,3
173,146480,4419,view,2023-12-21 09:31:44,0,15,Russia,Tomsk,Android,organic,0
174,160065,4306,like,2023-12-21 09:31:44,0,36,Russia,Groznyy,Android,organic,1
175,163812,4345,view,2023-12-21 09:31:44,0,19,Russia,Bratsk,Android,organic,0
176,166063,4188,view,2023-12-21 09:31:44,0,20,Russia,Barnaul,Android,organic,1
177,1230,4376,view,2023-12-21 09:31:45,0,21,Turkey,Diyarbakır,Android,ads,4
178,18301,4332,view,2023-12-21 09:31:45,1,29,Russia,Khabarovsk,Android,ads,1
179,33757,4386,like,2023-12-21 09:31:45,0,16,Ukraine,Sevastopol,Android,ads,3
180,49577,4424,view,2023-12-21 09:31:45,1,22,Russia,Belgorod,Android,ads,2
181,66577,4373,view,2023-12-21 09:31:45,0,42,Russia,Kandalaksha,Android,ads,0
182,113200,4491,view,2023-12-21 09:31:45,0,22,Russia,Moscow,iOS,organic,0
183,115506,4377,like,2023-12-21 09:31:45,1,18,Kazakhstan,Shymkent,Android,organic,2
184,127588,4157,view,2023-12-21 09:31:45,0,21,Russia,Gordeyevka,Android,organic,2
185,148483,4431,view,2023-12-21 09:31:45,1,22,Russia,Chelyabinsk,Android,organic,4
186,154299,4377,view,2023-12-21 09:31:45,0,41,Russia,Makarov,Android,organic,0
187,26305,4369,view,2023-12-21 09:31:46,0,26,Russia,Khasavyurt,iOS,ads,3
188,50583,4441,view,2023-12-21 09:31:46,1,20,Russia,Kemerovo,iOS,ads,3
189,106630,4367,view,2023-12-21 09:31:46,1,20,Russia,Tula,Android,ads,4
190,108189,4341,view,2023-12-21 09:31:46,1,19,Belarus,Horad Barysaw,Android,organic,1
191,112317,4447,view,2023-12-21 09:31:46,1,22,Russia,Polysayevo,Android,organic,0
192,151576,4157,view,2023-12-21 09:31:46,1,20,Estonia,Tallinn,Android,organic,0
193,152795,4442,view,2023-12-21 09:31:46,1,27,Russia,Lipetsk,Android,organic,0
194,164538,4376,view,2023-12-21 09:31:46,1,22,Finland,Oulu,Android,organic,1
195,61701,4451,view,2023-12-21 09:31:47,0,26,Russia,Rogovatoye,iOS,ads,4
196,61810,4428,like,2023-12-21 09:31:47,1,55,Russia,Tolyatti,Android,ads,1
197,65340,4432,view,2023-12-21 09:31:47,1,19,Russia,Vladivostok,iOS,ads,1
198,123567,4442,view,2023-12-21 09:31:47,1,27,Russia,Yemva,Android,organic,2
199,131710,4471,view,2023-12-21 09:31:47,1,26,Russia,Vladivostok,Android,organic,2
200,149710,4188,view,2023-12-21 09:31:47,0,39,Russia,Novopavlovsk,Android,organic,1
201,160484,4454,view,2023-12-21 09:31:47,1,17,Russia,Novovyatsk,iOS,organic,2
202,162922,4358,view,2023-12-21 09:31:47,1,55,Russia,Kirsanov,Android,organic,3
203,58540,4157,view,2023-12-21 09:31:48,0,22,Russia,Kursk,iOS,ads,0
204,66532,4341,like,2023-12-21 09:31:48,1,50,Belarus,Mahilyow,Android,ads,4
205,131710,4345,view,2023-12-21 09:31:48,1,26,Russia,Vladivostok,Android,organic,2
206,145774,4457,view,2023-12-21 09:31:48,0,30,Ukraine,Sevastopol,Android,organic,1
207,152166,4352,like,2023-12-21 09:31:48,0,45,Ukraine,Kyiv,Android,organic,0
208,157651,4261,view,2023-12-21 09:31:48,1,23,Russia,Glazov,iOS,organic,3
209,9029,4341,view,2023-12-21 09:31:49,1,24,Russia,Tuymazy,Android,ads,3
210,14954,4376,view,2023-12-21 09:31:49,0,23,Russia,Svetlogorsk,Android,ads,2
211,15907,4382,view,2023-12-21 09:31:49,0,21,Russia,Ufa,iOS,ads,0
212,23197,4445,view,2023-12-21 09:31:49,0,18,Russia,Pyt’-Yakh,iOS,ads,4
213,30651,4454,view,2023-12-21 09:31:49,1,18,Turkey,Nazilli,iOS,ads,1
214,33757,4377,view,2023-12-21 09:31:49,0,16,Ukraine,Sevastopol,Android,ads,3
215,61701,4491,view,2023-12-21 09:31:49,0,26,Russia,Rogovatoye,iOS,ads,4
216,62081,4445,view,2023-12-21 09:31:49,0,22,Belarus,Brest,iOS,ads,0
217,62734,4489,view,2023-12-21 09:31:49,0,24,Russia,Leninsk-Kuznetskiy,Android,ads,0
218,66174,4345,like,2023-12-21 09:31:49,0,28,Russia,Shakhty,iOS,ads,0
219,127588,4447,view,2023-12-21 09:31:49,0,21,Russia,Gordeyevka,Android,organic,2
220,147482,4346,view,2023-12-21 09:31:49,0,23,Russia,Moscow,Android,organic,1
221,161016,4491,like,2023-12-21 09:31:49,1,16,Russia,Kemerovo,iOS,organic,3
222,166063,4396,view,2023-12-21 09:31:49,0,20,Russia,Barnaul,Android,organic,1
223,8298,4456,view,2023-12-21 09:31:50,0,22,Russia,Petrovsk,iOS,ads,0
224,58540,4488,like,2023-12-21 09:31:50,0,22,Russia,Kursk,iOS,ads,0
225,107623,4376,view,2023-12-21 09:31:50,0,18,Russia,Slobodskoy,iOS,organic,4
226,133474,4447,view,2023-12-21 09:31:50,1,19,Russia,Snezhinsk,Android,organic,4
227,1972,4230,like,2023-12-21 09:31:51,1,36,Russia,Saint Petersburg,iOS,ads,1
228,16662,4241,view,2023-12-21 09:31:51,0,46,Russia,Cheboksary,iOS,ads,3
229,55398,4454,view,2023-12-21 09:31:51,0,26,Russia,Ulan-Ude,Android,ads,4
230,63856,4377,view,2023-12-21 09:31:51,1,25,Russia,Nadym,iOS,ads,2
231,65918,4306,view,2023-12-21 09:31:51,1,21,Russia,Moscow,Android,ads,0
232,112317,4376,view,2023-12-21 09:31:51,1,22,Russia,Polysayevo,Android,organic,0
233,121824,4527,view,2023-12-21 09:31:51,0,21,Russia,Moscow,Android,organic,2
234,122161,4230,view,2023-12-21 09:31:51,0,52,Ukraine,Kyiv,Android,organic,4
235,123182,4491,view,2023-12-21 09:31:51,1,17,Russia,Kemerovo,Android,organic,1
236,50583,4489,view,2023-12-21 09:31:52,1,20,Russia,Kemerovo,iOS,ads,3
237,54625,4475,like,2023-12-21 09:31:52,0,52,Russia,Moscow,iOS,ads,3
238,58319,4438,view,2023-12-21 09:31:52,1,31,Russia,Moscow,iOS,ads,4
239,62081,4377,view,2023-12-21 09:31:52,0,22,Belarus,Brest,iOS,ads,0
240,133290,4306,view,2023-12-21 09:31:52,0,18,Russia,Korolëv,iOS,organic,3
241,140045,4488,view,2023-12-21 09:31:52,0,16,Russia,Moscow,Android,organic,2
242,149710,4188,like,2023-12-21 09:31:52,0,39,Russia,Novopavlovsk,Android,organic,1
243,159141,4442,view,2023-12-21 09:31:52,1,31,Russia,Kishpek,Android,organic,1
244,160676,4491,like,2023-12-21 09:31:52,1,36,Russia,Samara,iOS,organic,4
245,8298,4419,view,2023-12-21 09:31:53,0,22,Russia,Petrovsk,iOS,ads,0
246,12019,4382,like,2023-12-21 09:31:53,0,32,Ukraine,Zarichany,Android,ads,0
247,15980,4534,view,2023-12-21 09:31:53,1,37,Russia,Moscow,Android,ads,2
248,56296,4332,view,2023-12-21 09:31:53,1,25,Russia,Saint Petersburg,Android,ads,0
249,61810,4434,view,2023-12-21 09:31:53,1,55,Russia,Tolyatti,Android,ads,1
250,66087,4431,view,2023-12-21 09:31:53,0,19,Russia,Rasskazovo,iOS,ads,1
251,66577,4188,view,2023-12-21 09:31:53,0,42,Russia,Kandalaksha,Android,ads,0
252,134203,4448,view,2023-12-21 09:31:53,0,19,Russia,Tomsk,iOS,organic,3
253,149028,4435,like,2023-12-21 09:31:53,1,41,Russia,Shatura,Android,organic,4
254,163812,4438,like,2023-12-21 09:31:53,0,19,Russia,Bratsk,Android,organic,0
255,164418,4442,view,2023-12-21 09:31:53,1,19,Russia,Balashikha,Android,organic,2
256,166698,4382,view,2023-12-21 09:31:53,0,22,Russia,Chelyabinsk,Android,organic,3
257,15980,4446,view,2023-12-21 09:31:54,1,37,Russia,Moscow,Android,ads,2
258,15980,4454,view,2023-12-21 09:31:54,1,37,Russia,Moscow,Android,ads,2
259,38364,4448,like,2023-12-21 09:31:54,0,19,Russia,Perm,iOS,ads,1
260,58540,4294,view,2023-12-21 09:31:54,0,22,Russia,Kursk,iOS,ads,0
261,116497,4491,like,2023-12-21 09:31:54,0,19,Russia,Tambov,iOS,organic,2
262,123182,4431,view,2023-12-21 09:31:54,1,17,Russia,Kemerovo,Android,organic,1
263,130754,4382,view,2023-12-21 09:31:54,0,15,Russia,Moscow,Android,organic,0
264,137230,4483,view,2023-12-21 09:31:54,1,16,Russia,Moscow,iOS,organic,2
265,142924,4452,view,2023-12-21 09:31:54,0,25,Russia,Moscow,iOS,organic,4
266,146480,4421,view,2023-12-21 09:31:54,0,15,Russia,Tomsk,Android,organic,0
267,151546,4424,view,2023-12-21 09:31:54,1,18,Kazakhstan,Qaraghandy,Android,organic,0
268,154623,4440,view,2023-12-21 09:31:54,0,37,Russia,Lipetsk,iOS,organic,1
269,155637,4377,view,2023-12-21 09:31:54,0,41,Kazakhstan,Balyqshy,Android,organic,1
270,155959,4480,view,2023-12-21 09:31:54,0,16,Russia,Gorno-Altaysk,Android,organic,4
271,166700,4294,like,2023-12-21 09:31:54,0,19,Turkey,Samsun,iOS,organic,0
272,26305,4460,view,2023-12-21 09:31:55,0,26,Russia,Khasavyurt,iOS,ads,3
273,107021,4509,view,2023-12-21 09:31:55,1,21,Russia,Fokino,iOS,organic,1
274,121824,4534,view,2023-12-21 09:31:55,0,21,Russia,Moscow,Android,organic,2
275,140045,4382,view,2023-12-21 09:31:55,0,16,Russia,Moscow,Android,organic,2
276,149866,4483,view,2023-12-21 09:31:55,1,20,Russia,Khotkovo,Android,organic,2
277,159918,4341,view,2023-12-21 09:31:55,0,14,Russia,Vichuga,iOS,organic,4
278,160484,4491,view,2023-12-21 09:31:55,1,17,Russia,Novovyatsk,iOS,organic,2
279,160676,4386,view,2023-12-21 09:31:55,1,36,Russia,Samara,iOS,organic,4
280,166063,4454,like,2023-12-21 09:31:55,0,20,Russia,Barnaul,Android,organic,1
281,15907,4441,like,2023-12-21 09:31:56,0,21,Russia,Ufa,iOS,ads,0
282,19626,4534,like,2023-12-21 09:31:56,1,22,Russia,Chelyabinsk,Android,ads,0
283,38364,4441,view,2023-12-21 09:31:56,0,19,Russia,Perm,iOS,ads,1
284,120562,4451,view,2023-12-21 09:31:56,1,47,Russia,Moscow,iOS,organic,2
285,128779,4352,view,2023-12-21 09:31:56,0,22,Russia,Fëdorovka,Android,organic,1
286,139535,4487,view,2023-12-21 09:31:56,1,36,Russia,Moscow,Android,organic,2
287,164538,4396,like,2023-12-21 09:31:56,1,22,Finland,Oulu,Android,organic,1
288,3690,4341,like,2023-12-21 09:31:57,0,33,Russia,Yessentuki,Android,ads,1
289,14954,4445,view,2023-12-21 09:31:57,0,23,Russia,Svetlogorsk,Android,ads,2
290,26305,4376,view,2023-12-21 09:31:57,0,26,Russia,Khasavyurt,iOS,ads,3
291,29526,4470,view,2023-12-21 09:31:57,0,15,Belarus,Minsk,Android,ads,1
292,33757,4377,like,2023-12-21 09:31:57,0,16,Ukraine,Sevastopol,Android,ads,3
293,61701,4377,view,2023-12-21 09:31:57,0,26,Russia,Rogovatoye,iOS,ads,4
294,64601,4431,view,2023-12-21 09:31:57,0,23,Russia,Irkutsk,iOS,ads,4
295,114605,4491,view,2023-12-21 09:31:57,0,20,Russia,Novosibirsk,Android,organic,2
296,123245,4306,like,2023-12-21 09:31:57,0,16,Russia,Barnaul,iOS,organic,0
297,126384,4230,view,2023-12-21 09:31:57,0,23,Russia,Barnaul,iOS,organic,0
298,54625,4447,view,2023-12-21 09:31:58,0,52,Russia,Moscow,iOS,ads,3
299,122543,4345,view,2023-12-21 09:31:58,1,16,Russia,Salavat,iOS,organic,4
300,154623,4157,view,2023-12-21 09:31:58,0,37,Russia,Lipetsk,iOS,organic,1
301,159990,4376,view,2023-12-21 09:31:58,1,20,Russia,Kurgan,Android,organic,4
302,163812,4454,view,2023-12-21 09:31:58,0,19,Russia,Bratsk,Android,organic,0
303,49577,4527,view,2023-12-21 09:31:59,1,22,Russia,Belgorod,Android,ads,2
304,50583,4377,view,2023-12-21 09:31:59,1,20,Russia,Kemerovo,iOS,ads,3
305,124181,4346,view,2023-12-21 09:31:59,0,17,Russia,Noginsk,Android,organic,2
306,128779,4527,like,2023-12-21 09:31:59,0,22,Russia,Fëdorovka,Android,organic,1
307,137230,4382,view,2023-12-21 09:31:59,1,16,Russia,Moscow,iOS,organic,2
308,146480,4261,view,2023-12-21 09:31:59,0,15,Russia,Tomsk,Android,organic,0
309,159918,4332,like,2023-12-21 09:31:59,0,14,Russia,Vichuga,iOS,organic,4
310,160676,4442,view,2023-12-21 09:31:59,1,36,Russia,Samara,iOS,organic,4
311,165520,4346,view,2023-12-21 09:31:59,0,21,Russia,Yekaterinburg,Android,organic,0
312,23197,4484,view,2023-12-21 09:32:00,0,18,Russia,Pyt’-Yakh,iOS,ads,4
313,26305,4261,view,2023-12-21 09:32:00,0,26,Russia,Khasavyurt,iOS,ads,3
314,64248,4442,view,2023-12-21 09:32:00,0,50,Ukraine,Kyiv,Android,ads,0
315,106402,4261,like,2023-12-21 09:32:00,1,45,Russia,Bratsk,Android,ads,2
316,139535,4404,like,2023-12-21 09:32:00,1,36,Russia,Moscow,Android,organic,2
317,149028,4405,view,2023-12-21 09:32:00,1,41,Russia,Shatura,Android,organic,4
318,152166,4447,view,2023-12-21 09:32:00,0,45,Ukraine,Kyiv,Android,organic,0
319,160484,4358,view,2023-12-21 09:32:00,1,17,Russia,Novovyatsk,iOS,organic,2
320,161016,4457,view,2023-12-21 09:32:00,1,16,Russia,Kemerovo,iOS,organic,3
321,166063,4405,view,2023-12-21 09:32:00,0,20,Russia,Barnaul,Android,organic,1
322,34658,4438,view,2023-12-21 09:32:01,0,34,Belarus,Minsk,Android,ads,4
323,34658,4448,view,2023-12-21 09:32:01,0,34,Belarus,Minsk,Android,ads,4
324,50583,4431,view,2023-12-21 09:32:01,1,20,Russia,Kemerovo,iOS,ads,3
325,55398,4345,view,2023-12-21 09:32:01,0,26,Russia,Ulan-Ude,Android,ads,4
326,65340,4345,view,2023-12-21 09:32:01,1,19,Russia,Vladivostok,iOS,ads,1
327,121279,4377,view,2023-12-21 09:32:01,0,21,Russia,Yadrin,Android,organic,3
328,122789,4447,view,2023-12-21 09:32:01,0,19,Turkey,Tekirdağ,Android,organic,4
329,123182,4434,view,2023-12-21 09:32:01,1,17,Russia,Kemerovo,Android,organic,1
330,148336,4451,like,2023-12-21 09:32:01,1,24,Belarus,Minsk,Android,organic,4
331,149866,4472,view,2023-12-21 09:32:01,1,20,Russia,Khotkovo,Android,organic,2
332,155959,4377,like,2023-12-21 09:32:01,0,16,Russia,Gorno-Altaysk,Android,organic,4
333,161016,4447,view,2023-12-21 09:32:01,1,16,Russia,Kemerovo,iOS,organic,3
334,162922,4475,view,2023-12-21 09:32:01,1,55,Russia,Kirsanov,Android,organic,3
335,166698,4188,like,2023-12-21 09:32:01,0,22,Russia,Chelyabinsk,Android,organic,3
336,166721,4448,view,2023-12-21 09:32:01,1,40,Russia,Maykop,iOS,organic,0
337,64548,4430,view,2023-12-21 09:32:02,1,25,Russia,Ryazan,iOS,ads,3
338,64601,4376,view,2023-12-21 09:32:02,0,23,Russia,Irkutsk,iOS,ads,4
339,66580,4485,view,2023-12-21 09:32:02,1,39,Russia,Moscow,Android,ads,0
340,113200,4404,view,2023-12-21 09:32:02,0,22,Russia,Moscow,iOS,organic,0
341,145774,4382,view,2023-12-21 09:32:02,0,30,Ukraine,Sevastopol,Android,organic,1
342,152795,4404,like,2023-12-21 09:32:02,1,27,Russia,Lipetsk,Android,organic,0
343,164418,4307,like,2023-12-21 09:32:02,1,19,Russia,Balashikha,Android,organic,2
344,166698,4419,view,2023-12-21 09:32:02,0,22,Russia,Chelyabinsk,Android,organic,3
345,29023,4457,view,2023-12-21 09:32:03,1,39,Russia,Perm,Android,ads,0
346,47868,4376,view,2023-12-21 09:32:03,0,24,Russia,Korolëv,Android,ads,4
347,64248,4307,view,2023-12-21 09:32:03,0,50,Ukraine,Kyiv,Android,ads,0
348,108189,4435,view,2023-12-21 09:32:03,1,19,Belarus,Horad Barysaw,Android,organic,1
349,117571,4445,view,2023-12-21 09:32:03,1,21,Russia,Groznyy,iOS,organic,0
350,120562,4441,view,2023-12-21 09:32:03,1,47,Russia,Moscow,iOS,organic,2
351,155176,4419,view,2023-12-21 09:32:03,0,23,Russia,Yaroslavl,Android,organic,0
352,161016,4436,view,2023-12-21 09:32:03,1,16,Russia,Kemerovo,iOS,organic,3
353,2948,4306,view,2023-12-21 09:32:04,0,18,Russia,Samara,Android,ads,2
354,33757,4456,view,2023-12-21 09:32:04,0,16,Ukraine,Sevastopol,Android,ads,3
355,61701,4527,view,2023-12-21 09:32:04,0,26,Russia,Rogovatoye,iOS,ads,4
356,62734,4489,like,2023-12-21 09:32:04,0,24,Russia,Leninsk-Kuznetskiy,Android,ads,0
357,66036,4454,view,2023-12-21 09:32:04,1,30,Russia,Orenburg,Android,ads,4
358,128779,4306,like,2023-12-21 09:32:04,0,22,Russia,Fëdorovka,Android,organic,1
359,128779,4419,like,2023-12-21 09:32:04,0,22,Russia,Fëdorovka,Android,organic,1
360,106630,4294,like,2023-12-21 09:32:05,1,20,Russia,Tula,Android,ads,4
361,116701,4442,like,2023-12-21 09:32:05,1,19,Turkey,Bingöl,iOS,organic,1
362,128779,4438,view,2023-12-21 09:32:05,0,22,Russia,Fëdorovka,Android,organic,1
363,147482,4447,view,2023-12-21 09:32:05,0,23,Russia,Moscow,Android,organic,1
364,148957,4261,view,2023-12-21 09:32:05,1,35,Russia,Berdsk,Android,organic,1
365,154299,4346,view,2023-12-21 09:32:05,0,41,Russia,Makarov,Android,organic,0
366,159918,4442,view,2023-12-21 09:32:05,0,14,Russia,Vichuga,iOS,organic,4
367,161016,4412,view,2023-12-21 09:32:05,1,16,Russia,Kemerovo,iOS,organic,3
368,36032,4438,view,2023-12-21 09:32:06,0,16,Russia,Saint Petersburg,iOS,ads,4
369,65340,4369,view,2023-12-21 09:32:06,1,19,Russia,Vladivostok,iOS,ads,1
370,107021,4405,view,2023-12-21 09:32:06,1,21,Russia,Fokino,iOS,organic,1
371,107836,4445,view,2023-12-21 09:32:06,1,15,Russia,Moscow,Android,organic,2
372,120562,4352,view,2023-12-21 09:32:06,1,47,Russia,Moscow,iOS,organic,2
373,121824,4454,view,2023-12-21 09:32:06,0,21,Russia,Moscow,Android,organic,2
374,133474,4345,view,2023-12-21 09:32:06,1,19,Russia,Snezhinsk,Android,organic,4
375,159918,4451,view,2023-12-21 09:32:06,0,14,Russia,Vichuga,iOS,organic,4
376,55398,4274,view,2023-12-21 09:32:07,0,26,Russia,Ulan-Ude,Android,ads,4
377,58540,4483,view,2023-12-21 09:32:07,0,22,Russia,Kursk,iOS,ads,0
378,64548,4431,view,2023-12-21 09:32:07,1,25,Russia,Ryazan,iOS,ads,3
379,66174,4332,view,2023-12-21 09:32:07,0,28,Russia,Shakhty,iOS,ads,0
380,66577,4307,view,2023-12-21 09:32:07,0,42,Russia,Kandalaksha,Android,ads,0
381,120329,4447,view,2023-12-21 09:32:07,0,32,Russia,Novoulyanovsk,Android,organic,3
382,166698,4241,view,2023-12-21 09:32:07,0,22,Russia,Chelyabinsk,Android,organic,3
383,166700,4527,view,2023-12-21 09:32:07,0,19,Turkey,Samsun,iOS,organic,0
384,19626,4386,view,2023-12-21 09:32:08,1,22,Russia,Chelyabinsk,Android,ads,0
385,52512,4157,view,2023-12-21 09:32:08,1,33,Belarus,Horad Barysaw,Android,ads,0
386,64548,4473,view,2023-12-21 09:32:08,1,25,Russia,Ryazan,iOS,ads,3
387,66583,4294,view,2023-12-21 09:32:08,1,21,Russia,Okhotsk,Android,ads,1
388,66583,4485,view,2023-12-21 09:32:08,1,21,Russia,Okhotsk,Android,ads,1
389,123182,4447,view,2023-12-21 09:32:08,1,17,Russia,Kemerovo,Android,organic,1
390,123245,4382,view,2023-12-21 09:32:08,0,16,Russia,Barnaul,iOS,organic,0
391,143168,4473,like,2023-12-21 09:32:08,0,46,Russia,Kazan,iOS,organic,2
392,154623,4447,view,2023-12-21 09:32:08,0,37,Russia,Lipetsk,iOS,organic,1
393,161589,4441,view,2023-12-21 09:32:08,1,21,Russia,Krasnodar,Android,organic,2
394,29023,4428,view,2023-12-21 09:32:09,1,39,Russia,Perm,Android,ads,0
395,57935,4382,view,2023-12-21 09:32:09,1,39,Russia,Solikamsk,iOS,ads,3
396,114605,4419,view,2023-12-21 09:32:09,0,20,Russia,Novosibirsk,Android,organic,2
397,159990,4367,view,2023-12-21 09:32:10,1,20,Russia,Kurgan,Android,organic,4
398,162604,4274,view,2023-12-21 09:32:10,1,15,Russia,Ust’-Ilimsk,Android,organic,4
399,10969,4431,view,2023-12-21 09:32:11,1,17,Kazakhstan,Nur-Sultan,Android,ads,2
400,64248,4404,view,2023-12-21 09:32:11,0,50,Ukraine,Kyiv,Android,ads,0
401,66580,4377,view,2023-12-21 09:32:11,1,39,Russia,Moscow,Android,ads,0
402,112643,4471,view,2023-12-21 09:32:11,1,18,Russia,Samara,Android,organic,0
403,122161,4478,view,2023-12-21 09:32:11,0,52,Ukraine,Kyiv,Android,organic,4
404,149866,4438,view,2023-12-21 09:32:11,1,20,Russia,Khotkovo,Android,organic,2
405,151546,4306,view,2023-12-21 09:32:11,1,18,Kazakhstan,Qaraghandy,Android,organic,0
406,164538,4454,view,2023-12-21 09:32:11,1,22,Finland,Oulu,Android,organic,1
407,165945,4288,like,2023-12-21 09:32:11,1,17,Russia,Moscow,iOS,organic,0
408,166001,4509,view,2023-12-21 09:32:11,1,18,Russia,Lyubertsy,Android,organic,3
409,166562,4346,view,2023-12-21 09:32:11,1,35,Azerbaijan,Ağcabədi,iOS,organic,3
410,166721,4369,view,2023-12-21 09:32:11,1,40,Russia,Maykop,iOS,organic,0
411,8298,4489,view,2023-12-21 09:32:12,0,22,Russia,Petrovsk,iOS,ads,0
412,47868,4487,view,2023-12-21 09:32:12,0,24,Russia,Korolëv,Android,ads,4
413,56859,4446,like,2023-12-21 09:32:12,1,30,Russia,Vladikavkaz,iOS,ads,1
414,61835,4487,view,2023-12-21 09:32:12,1,40,Russia,Svobodnyy,Android,ads,2
415,65340,4488,view,2023-12-21 09:32:12,1,19,Russia,Vladivostok,iOS,ads,1
416,111333,4441,view,2023-12-21 09:32:12,1,29,Russia,Gorokhovets,Android,organic,4
417,117571,4468,view,2023-12-21 09:32:12,1,21,Russia,Groznyy,iOS,organic,0
418,160676,4274,view,2023-12-21 09:32:12,1,36,Russia,Samara,iOS,organic,4
419,19626,4404,view,2023-12-21 09:32:13,1,22,Russia,Chelyabinsk,Android,ads,0
420,22242,4428,like,2023-12-21 09:32:13,0,16,Russia,Tula,iOS,ads,4
421,61597,4438,view,2023-12-21 09:32:13,0,31,Russia,Arkhangelsk,Android,ads,3
422,61701,4447,view,2023-12-21 09:32:13,0,26,Russia,Rogovatoye,iOS,ads,4
423,62081,4376,view,2023-12-21 09:32:13,0,22,Belarus,Brest,iOS,ads,0
424,115506,4438,view,2023-12-21 09:32:13,1,18,Kazakhstan,Shymkent,Android,organic,2
425,123245,4342,view,2023-12-21 09:32:13,0,16,Russia,Barnaul,iOS,organic,0
426,139535,4360,view,2023-12-21 09:32:13,1,36,Russia,Moscow,Android,organic,2
427,166698,4441,view,2023-12-21 09:32:13,0,22,Russia,Chelyabinsk,Android,organic,3
428,166700,4438,view,2023-12-21 09:32:13,0,19,Turkey,Samsun,iOS,organic,0
429,14954,4424,view,2023-12-21 09:32:14,0,23,Russia,Svetlogorsk,Android,ads,2
430,36032,4288,view,2023-12-21 09:32:14,0,16,Russia,Saint Petersburg,iOS,ads,4
431,120329,4294,view,2023-12-21 09:32:14,0,32,Russia,Novoulyanovsk,Android,organic,3
432,143168,4230,view,2023-12-21 09:32:14,0,46,Russia,Kazan,iOS,organic,2
433,157651,4261,like,2023-12-21 09:32:14,1,23,Russia,Glazov,iOS,organic,3
434,162604,4438,view,2023-12-21 09:32:14,1,15,Russia,Ust’-Ilimsk,Android,organic,4
435,61810,4430,view,2023-12-21 09:32:15,1,55,Russia,Tolyatti,Android,ads,1
436,62734,4491,view,2023-12-21 09:32:15,0,24,Russia,Leninsk-Kuznetskiy,Android,ads,0
437,107021,4527,view,2023-12-21 09:32:15,1,21,Russia,Fokino,iOS,organic,1
438,116302,4454,view,2023-12-21 09:32:15,1,16,Russia,Belgorod,iOS,organic,1
439,116701,4509,view,2023-12-21 09:32:15,1,19,Turkey,Bingöl,iOS,organic,1
440,137230,4188,view,2023-12-21 09:32:15,1,16,Russia,Moscow,iOS,organic,2
441,166562,4480,view,2023-12-21 09:32:15,1,35,Azerbaijan,Ağcabədi,iOS,organic,3
442,2948,4345,view,2023-12-21 09:32:16,0,18,Russia,Samara,Android,ads,2
443,18301,4377,view,2023-12-21 09:32:16,1,29,Russia,Khabarovsk,Android,ads,1
444,29930,4487,view,2023-12-21 09:32:16,1,24,Kazakhstan,Taraz,Android,ads,1
445,34658,4377,view,2023-12-21 09:32:16,0,34,Belarus,Minsk,Android,ads,4
446,52512,4230,view,2023-12-21 09:32:16,1,33,Belarus,Horad Barysaw,Android,ads,0
447,63365,4352,like,2023-12-21 09:32:16,0,19,Russia,Surgut,iOS,ads,0
448,159990,4448,view,2023-12-21 09:32:16,1,20,Russia,Kurgan,Android,organic,4
449,166580,4447,view,2023-12-21 09:32:16,1,24,Cyprus,Paphos,iOS,organic,1
450,1972,4454,view,2023-12-21 09:32:17,1,36,Russia,Saint Petersburg,iOS,ads,1
451,18301,4306,view,2023-12-21 09:32:17,1,29,Russia,Khabarovsk,Android,ads,1
452,54625,4306,like,2023-12-21 09:32:17,0,52,Russia,Moscow,iOS,ads,3
453,61275,4274,view,2023-12-21 09:32:17,0,15,Russia,Vladikavkaz,Android,ads,3
454,114605,4370,view,2023-12-21 09:32:17,0,20,Russia,Novosibirsk,Android,organic,2
455,163968,4261,view,2023-12-21 09:32:17,1,27,Ukraine,Bila Tserkva,Android,organic,1
456,166698,4471,view,2023-12-21 09:32:17,0,22,Russia,Chelyabinsk,Android,organic,3
457,1230,4188,like,2023-12-21 09:32:18,0,21,Turkey,Diyarbakır,Android,ads,4
458,14954,4382,view,2023-12-21 09:32:18,0,23,Russia,Svetlogorsk,Android,ads,2
459,49915,4419,view,2023-12-21 09:32:18,0,27,Russia,Krasnogorsk,Android,ads,3
460,56859,4430,view,2023-12-21 09:32:18,1,30,Russia,Vladikavkaz,iOS,ads,1
461,66583,4365,view,2023-12-21 09:32:18,1,21,Russia,Okhotsk,Android,ads,1
462,137205,4481,view,2023-12-21 09:32:18,1,34,Russia,Moscow,Android,organic,0
463,154299,4489,view,2023-12-21 09:32:18,0,41,Russia,Makarov,Android,organic,0
464,159918,4241,view,2023-12-21 09:32:18,0,14,Russia,Vichuga,iOS,organic,4
465,2948,4423,view,2023-12-21 09:32:19,0,18,Russia,Samara,Android,ads,2
466,8298,4452,view,2023-12-21 09:32:19,0,22,Russia,Petrovsk,iOS,ads,0
467,20996,4491,view,2023-12-21 09:32:19,1,16,Russia,Yekaterinburg,iOS,ads,3
468,29526,4188,view,2023-12-21 09:32:19,0,15,Belarus,Minsk,Android,ads,1
469,61835,4404,view,2023-12-21 09:32:19,1,40,Russia,Svobodnyy,Android,ads,2
470,112643,4346,view,2023-12-21 09:32:19,1,18,Russia,Samara,Android,organic,0
471,117571,4441,like,2023-12-21 09:32:19,1,21,Russia,Groznyy,iOS,organic,0
472,123182,4307,view,2023-12-21 09:32:19,1,17,Russia,Kemerovo,Android,organic,1
473,123245,4382,like,2023-12-21 09:32:19,0,16,Russia,Barnaul,iOS,organic,0
474,137230,4362,like,2023-12-21 09:32:19,1,16,Russia,Moscow,iOS,organic,2
475,148957,4481,view,2023-12-21 09:32:19,1,35,Russia,Berdsk,Android,organic,1
476,149028,4188,view,2023-12-21 09:32:19,1,41,Russia,Shatura,Android,organic,4
477,166063,4377,view,2023-12-21 09:32:19,0,20,Russia,Barnaul,Android,organic,1
478,7860,4454,view,2023-12-21 09:32:20,0,23,Russia,Perm,Android,ads,4
479,19626,4435,view,2023-12-21 09:32:20,1,22,Russia,Chelyabinsk,Android,ads,0
480,23197,4484,like,2023-12-21 09:32:20,0,18,Russia,Pyt’-Yakh,iOS,ads,4
481,29526,4230,view,2023-12-21 09:32:20,0,15,Belarus,Minsk,Android,ads,1
482,63365,4307,view,2023-12-21 09:32:20,0,19,Russia,Surgut,iOS,ads,0
483,64472,4473,view,2023-12-21 09:32:20,0,23,Ukraine,Lysychansk,iOS,ads,0
484,66580,4188,view,2023-12-21 09:32:20,1,39,Russia,Moscow,Android,ads,0
485,106630,4360,view,2023-12-21 09:32:20,1,20,Russia,Tula,Android,ads,4
486,117571,4460,view,2023-12-21 09:32:20,1,21,Russia,Groznyy,iOS,organic,0
487,148336,4475,view,2023-12-21 09:32:20,1,24,Belarus,Minsk,Android,organic,4
488,160484,4382,view,2023-12-21 09:32:20,1,17,Russia,Novovyatsk,iOS,organic,2
489,160484,4534,view,2023-12-21 09:32:20,1,17,Russia,Novovyatsk,iOS,organic,2
490,1972,4404,view,2023-12-21 09:32:21,1,36,Russia,Saint Petersburg,iOS,ads,1
491,3690,4438,like,2023-12-21 09:32:21,0,33,Russia,Yessentuki,Android,ads,1
492,30651,4157,view,2023-12-21 09:32:21,1,18,Turkey,Nazilli,iOS,ads,1
493,128920,4442,view,2023-12-21 09:32:21,1,26,Russia,Saint Petersburg,iOS,organic,3
494,133474,4447,like,2023-12-21 09:32:21,1,19,Russia,Snezhinsk,Android,organic,4
495,142924,4454,view,2023-12-21 09:32:21,0,25,Russia,Moscow,iOS,organic,4
496,145774,4352,view,2023-12-21 09:32:21,0,30,Ukraine,Sevastopol,Android,organic,1
497,151176,4377,view,2023-12-21 09:32:21,0,33,Russia,Vladikavkaz,Android,organic,0
498,161589,4456,view,2023-12-21 09:32:21,1,21,Russia,Krasnodar,Android,organic,2
499,8298,4437,view,2023-12-21 09:32:22,0,22,Russia,Petrovsk,iOS,ads,0
500,57806,4454,view,2023-12-21 09:32:22,0,41,Russia,Volzhskiy,iOS,ads,0
501,107836,4454,view,2023-12-21 09:32:22,1,15,Russia,Moscow,Android,organic,2
502,160065,4369,view,2023-12-21 09:32:22,0,36,Russia,Groznyy,Android,organic,1
503,15980,4306,like,2023-12-21 09:32:23,1,37,Russia,Moscow,Android,ads,2
504,56859,4404,like,2023-12-21 09:32:23,1,30,Russia,Vladikavkaz,iOS,ads,1
505,61701,4436,view,2023-12-21 09:32:23,0,26,Russia,Rogovatoye,iOS,ads,4
506,64472,4306,like,2023-12-21 09:32:23,0,23,Ukraine,Lysychansk,iOS,ads,0
507,113024,4365,view,2023-12-21 09:32:23,1,22,Russia,Totma,Android,organic,0
508,124181,4274,view,2023-12-21 09:32:23,0,17,Russia,Noginsk,Android,organic,2
509,2948,4442,view,2023-12-21 09:32:24,0,18,Russia,Samara,Android,ads,2
510,23197,4261,view,2023-12-21 09:32:24,0,18,Russia,Pyt’-Yakh,iOS,ads,4
511,66577,4230,view,2023-12-21 09:32:24,0,42,Russia,Kandalaksha,Android,ads,0
512,116497,4488,view,2023-12-21 09:32:24,0,19,Russia,Tambov,iOS,organic,2
513,122161,4452,view,2023-12-21 09:32:24,0,52,Ukraine,Kyiv,Android,organic,4
514,122543,4436,view,2023-12-21 09:32:24,1,16,Russia,Salavat,iOS,organic,4
515,131429,4351,view,2023-12-21 09:32:24,1,16,Russia,Azov,Android,organic,1
516,131710,4345,like,2023-12-21 09:32:24,1,26,Russia,Vladivostok,Android,organic,2
517,160962,4376,view,2023-12-21 09:32:24,1,32,Russia,Degtyarsk,Android,organic,2
518,166562,4274,like,2023-12-21 09:32:24,1,35,Azerbaijan,Ağcabədi,iOS,organic,3
519,166698,4446,view,2023-12-21 09:32:24,0,22,Russia,Chelyabinsk,Android,organic,3
520,30651,4367,view,2023-12-21 09:32:25,1,18,Turkey,Nazilli,iOS,ads,1
521,57806,4430,view,2023-12-21 09:32:25,0,41,Russia,Volzhskiy,iOS,ads,0
522,64248,4382,view,2023-12-21 09:32:25,0,50,Ukraine,Kyiv,Android,ads,0
523,66008,4534,view,2023-12-21 09:32:25,1,19,Russia,Moscow,Android,ads,0
524,152166,4491,like,2023-12-21 09:32:25,0,45,Ukraine,Kyiv,Android,organic,0
525,160065,4454,view,2023-12-21 09:32:25,0,36,Russia,Groznyy,Android,organic,1
526,16662,4481,like,2023-12-21 09:32:26,0,46,Russia,Cheboksary,iOS,ads,3
527,56859,4491,like,2023-12-21 09:32:26,1,30,Russia,Vladikavkaz,iOS,ads,1
528,66600,4346,view,2023-12-21 09:32:26,0,29,Russia,Saint Petersburg,Android,ads,4
529,108189,4435,like,2023-12-21 09:32:26,1,19,Belarus,Horad Barysaw,Android,organic,1
530,117571,4241,view,2023-12-21 09:32:26,1,21,Russia,Groznyy,iOS,organic,0
531,145774,4352,like,2023-12-21 09:32:26,0,30,Ukraine,Sevastopol,Android,organic,1
532,151546,4475,view,2023-12-21 09:32:26,1,18,Kazakhstan,Qaraghandy,Android,organic,0
533,161016,4430,view,2023-12-21 09:32:26,1,16,Russia,Kemerovo,iOS,organic,3
534,162604,4447,view,2023-12-21 09:32:26,1,15,Russia,Ust’-Ilimsk,Android,organic,4
535,166580,4439,view,2023-12-21 09:32:26,1,24,Cyprus,Paphos,iOS,organic,1
536,33757,4454,view,2023-12-21 09:32:27,0,16,Ukraine,Sevastopol,Android,ads,3
537,52512,4230,like,2023-12-21 09:32:27,1,33,Belarus,Horad Barysaw,Android,ads,0
538,116497,4332,view,2023-12-21 09:32:27,0,19,Russia,Tambov,iOS,organic,2
539,128779,4441,like,2023-12-21 09:32:27,0,22,Russia,Fëdorovka,Android,organic,1
540,159918,4509,view,2023-12-21 09:32:27,0,14,Russia,Vichuga,iOS,organic,4
541,18301,4471,view,2023-12-21 09:32:28,1,29,Russia,Khabarovsk,Android,ads,1
542,30651,4460,view,2023-12-21 09:32:28,1,18,Turkey,Nazilli,iOS,ads,1
543,54625,4261,like,2023-12-21 09:32:28,0,52,Russia,Moscow,iOS,ads,3
544,107623,4475,view,2023-12-21 09:32:28,0,18,Russia,Slobodskoy,iOS,organic,4
545,114275,4435,view,2023-12-21 09:32:28,0,38,Russia,Moscow,iOS,organic,3
546,120562,4451,like,2023-12-21 09:32:28,1,47,Russia,Moscow,iOS,organic,2
547,121824,4419,like,2023-12-21 09:32:28,0,21,Russia,Moscow,Android,organic,2
548,123567,4419,view,2023-12-21 09:32:28,1,27,Russia,Yemva,Android,organic,2
549,127588,4534,view,2023-12-21 09:32:28,0,21,Russia,Gordeyevka,Android,organic,2
550,164538,4445,view,2023-12-21 09:32:28,1,22,Finland,Oulu,Android,organic,1
551,15980,4188,view,2023-12-21 09:32:29,1,37,Russia,Moscow,Android,ads,2
552,58319,4470,view,2023-12-21 09:32:29,1,31,Russia,Moscow,iOS,ads,4
553,59269,4428,view,2023-12-21 09:32:29,1,15,Russia,Gvardeysk,Android,ads,4
554,107465,4527,view,2023-12-21 09:32:29,0,22,Ukraine,Kvasyliv,Android,organic,0
555,123182,4447,like,2023-12-21 09:32:29,1,17,Russia,Kemerovo,Android,organic,1
556,124181,4294,view,2023-12-21 09:32:29,0,17,Russia,Noginsk,Android,organic,2
557,159141,4446,view,2023-12-21 09:32:29,1,31,Russia,Kishpek,Android,organic,1
558,163259,4424,view,2023-12-21 09:32:29,1,17,Russia,Kotelnich,Android,organic,0
559,165784,4377,like,2023-12-21 09:32:29,1,20,Russia,Izhevsk,Android,organic,1
560,2948,4451,view,2023-12-21 09:32:30,0,18,Russia,Samara,Android,ads,2
561,56296,4428,like,2023-12-21 09:32:30,1,25,Russia,Saint Petersburg,Android,ads,0
562,56394,4447,view,2023-12-21 09:32:30,1,18,Russia,Krasnoyarsk,Android,ads,3
563,58319,4509,view,2023-12-21 09:32:30,1,31,Russia,Moscow,iOS,ads,4
564,106630,4438,view,2023-12-21 09:32:30,1,20,Russia,Tula,Android,ads,4
565,154327,4441,like,2023-12-21 09:32:30,1,18,Russia,Moscow,Android,organic,2
566,161589,4460,view,2023-12-21 09:32:30,1,21,Russia,Krasnodar,Android,organic,2
567,165945,4432,view,2023-12-21 09:32:30,1,17,Russia,Moscow,iOS,organic,0
568,120329,4527,like,2023-12-21 09:32:31,0,32,Russia,Novoulyanovsk,Android,organic,3
569,142924,4404,view,2023-12-21 09:32:31,0,25,Russia,Moscow,iOS,organic,4
570,161016,4377,view,2023-12-21 09:32:31,1,16,Russia,Kemerovo,iOS,organic,3
571,163968,4319,view,2023-12-21 09:32:31,1,27,Ukraine,Bila Tserkva,Android,organic,1
572,166297,4306,view,2023-12-21 09:32:31,1,24,Russia,Armavir,Android,organic,2
573,23197,4454,like,2023-12-21 09:32:32,0,18,Russia,Pyt’-Yakh,iOS,ads,4
574,107836,4346,view,2023-12-21 09:32:32,1,15,Russia,Moscow,Android,organic,2
575,114605,4456,view,2023-12-21 09:32:32,0,20,Russia,Novosibirsk,Android,organic,2
576,121279,4346,view,2023-12-21 09:32:32,0,21,Russia,Yadrin,Android,organic,3
577,142924,4442,view,2023-12-21 09:32:32,0,25,Russia,Moscow,iOS,organic,4
578,148336,4261,view,2023-12-21 09:32:32,1,24,Belarus,Minsk,Android,organic,4
579,160484,4438,like,2023-12-21 09:32:32,1,17,Russia,Novovyatsk,iOS,organic,2
580,166001,4491,view,2023-12-21 09:32:32,1,18,Russia,Lyubertsy,Android,organic,3
581,36032,4332,view,2023-12-21 09:32:33,0,16,Russia,Saint Petersburg,iOS,ads,4
582,65918,4527,view,2023-12-21 09:32:33,1,21,Russia,Moscow,Android,ads,0
583,107623,4332,view,2023-12-21 09:32:33,0,18,Russia,Slobodskoy,iOS,organic,4
584,112317,4452,view,2023-12-21 09:32:33,1,22,Russia,Polysayevo,Android,organic,0
585,122161,4354,view,2023-12-21 09:32:33,0,52,Ukraine,Kyiv,Android,organic,4
586,137205,4448,view,2023-12-21 09:32:33,1,34,Russia,Moscow,Android,organic,0
587,151176,4509,view,2023-12-21 09:32:33,0,33,Russia,Vladikavkaz,Android,organic,0
588,152795,4441,like,2023-12-21 09:32:33,1,27,Russia,Lipetsk,Android,organic,0
589,152795,4346,view,2023-12-21 09:32:33,1,27,Russia,Lipetsk,Android,organic,0
590,160676,4188,view,2023-12-21 09:32:33,1,36,Russia,Samara,iOS,organic,4
591,166686,4306,view,2023-12-21 09:32:33,1,21,Russia,Miass,Android,organic,3
592,47868,4261,view,2023-12-21 09:32:34,0,24,Russia,Korolëv,Android,ads,4
593,50583,4441,like,2023-12-21 09:32:34,1,20,Russia,Kemerovo,iOS,ads,3
594,63856,4407,view,2023-12-21 09:32:34,1,25,Russia,Nadym,iOS,ads,2
595,64561,4306,like,2023-12-21 09:32:34,0,21,Russia,Syktyvkar,Android,ads,0
596,64601,4436,view,2023-12-21 09:32:34,0,23,Russia,Irkutsk,iOS,ads,4
597,113024,4230,view,2023-12-21 09:32:34,1,22,Russia,Totma,Android,organic,0
598,117197,4460,view,2023-12-21 09:32:34,1,40,Russia,Moscow,Android,organic,1
599,120329,4424,view,2023-12-21 09:32:34,0,32,Russia,Novoulyanovsk,Android,organic,3
600,133474,4345,like,2023-12-21 09:32:34,1,19,Russia,Snezhinsk,Android,organic,4
601,143168,4342,view,2023-12-21 09:32:34,0,46,Russia,Kazan,iOS,organic,2
602,160572,4377,view,2023-12-21 09:32:34,0,23,Russia,Buzuluk,iOS,organic,1
603,161016,4157,view,2023-12-21 09:32:34,1,16,Russia,Kemerovo,iOS,organic,3
604,166580,4230,like,2023-12-21 09:32:34,1,24,Cyprus,Paphos,iOS,organic,1
605,52512,4491,view,2023-12-21 09:32:35,1,33,Belarus,Horad Barysaw,Android,ads,0
606,56394,4404,view,2023-12-21 09:32:35,1,18,Russia,Krasnoyarsk,Android,ads,3
607,60535,4452,view,2023-12-21 09:32:35,0,16,Belarus,Navapolatsk,Android,ads,3
608,106630,4230,view,2023-12-21 09:32:35,1,20,Russia,Tula,Android,ads,4
609,121824,4294,view,2023-12-21 09:32:35,0,21,Russia,Moscow,Android,organic,2
610,131429,4376,like,2023-12-21 09:32:35,1,16,Russia,Azov,Android,organic,1
611,137230,4382,like,2023-12-21 09:32:35,1,16,Russia,Moscow,iOS,organic,2
612,155176,4346,view,2023-12-21 09:32:35,0,23,Russia,Yaroslavl,Android,organic,0
613,155959,4509,view,2023-12-21 09:32:35,0,16,Russia,Gorno-Altaysk,Android,organic,4
614,1230,4509,view,2023-12-21 09:32:36,0,21,Turkey,Diyarbakır,Android,ads,4
615,18301,4447,view,2023-12-21 09:32:36,1,29,Russia,Khabarovsk,Android,ads,1
616,34658,4345,view,2023-12-21 09:32:36,0,34,Belarus,Minsk,Android,ads,4
617,116302,4319,view,2023-12-21 09:32:36,1,16,Russia,Belgorod,iOS,organic,1
618,116701,4487,view,2023-12-21 09:32:36,1,19,Turkey,Bingöl,iOS,organic,1
619,116701,4446,view,2023-12-21 09:32:36,1,19,Turkey,Bingöl,iOS,organic,1
620,122543,4454,view,2023-12-21 09:32:36,1,16,Russia,Salavat,iOS,organic,4
621,147482,4438,view,2023-12-21 09:32:36,0,23,Russia,Moscow,Android,organic,1
622,149710,4473,view,2023-12-21 09:32:36,0,39,Russia,Novopavlovsk,Android,organic,1
623,155176,4274,like,2023-12-21 09:32:36,0,23,Russia,Yaroslavl,Android,organic,0
624,159918,4382,view,2023-12-21 09:32:36,0,14,Russia,Vichuga,iOS,organic,4
625,164418,4376,view,2023-12-21 09:32:36,1,19,Russia,Balashikha,Android,organic,2
626,20996,4446,like,2023-12-21 09:32:37,1,16,Russia,Yekaterinburg,iOS,ads,3
627,123567,4274,view,2023-12-21 09:32:37,1,27,Russia,Yemva,Android,organic,2
628,127588,4419,view,2023-12-21 09:32:37,0,21,Russia,Gordeyevka,Android,organic,2
629,131710,4306,like,2023-12-21 09:32:37,1,26,Russia,Vladivostok,Android,organic,2
630,148336,4447,view,2023-12-21 09:32:37,1,24,Belarus,Minsk,Android,organic,4
631,154299,4346,like,2023-12-21 09:32:37,0,41,Russia,Makarov,Android,organic,0
632,161589,4473,view,2023-12-21 09:32:37,1,21,Russia,Krasnodar,Android,organic,2
633,163812,4294,like,2023-12-21 09:32:37,0,19,Russia,Bratsk,Android,organic,0
634,166700,4328,like,2023-12-21 09:32:37,0,19,Turkey,Samsun,iOS,organic,0
635,19626,4377,view,2023-12-21 09:32:38,1,22,Russia,Chelyabinsk,Android,ads,0
636,61810,4480,view,2023-12-21 09:32:38,1,55,Russia,Tolyatti,Android,ads,1
637,62734,4446,view,2023-12-21 09:32:38,0,24,Russia,Leninsk-Kuznetskiy,Android,ads,0
638,106630,4189,like,2023-12-21 09:32:38,1,20,Russia,Tula,Android,ads,4
639,115506,4485,view,2023-12-21 09:32:38,1,18,Kazakhstan,Shymkent,Android,organic,2
640,121279,4306,view,2023-12-21 09:32:38,0,21,Russia,Yadrin,Android,organic,3
641,140045,4328,view,2023-12-21 09:32:38,0,16,Russia,Moscow,Android,organic,2
642,155959,4441,view,2023-12-21 09:32:38,0,16,Russia,Gorno-Altaysk,Android,organic,4
643,163259,4376,view,2023-12-21 09:32:38,1,17,Russia,Kotelnich,Android,organic,0
644,164978,4419,view,2023-12-21 09:32:38,1,47,Russia,Barnaul,Android,organic,4
645,166562,4346,like,2023-12-21 09:32:38,1,35,Azerbaijan,Ağcabədi,iOS,organic,3
646,166698,4382,like,2023-12-21 09:32:38,0,22,Russia,Chelyabinsk,Android,organic,3
647,19626,4376,like,2023-12-21 09:32:39,1,22,Russia,Chelyabinsk,Android,ads,0
648,29023,4457,like,2023-12-21 09:32:39,1,39,Russia,Perm,Android,ads,0
649,36032,4376,view,2023-12-21 09:32:39,0,16,Russia,Saint Petersburg,iOS,ads,4
650,49577,4419,view,2023-12-21 09:32:39,1,22,Russia,Belgorod,Android,ads,2
651,112317,4377,view,2023-12-21 09:32:39,1,22,Russia,Polysayevo,Android,organic,0
652,122543,4370,view,2023-12-21 09:32:39,1,16,Russia,Salavat,iOS,organic,4
653,148336,4352,view,2023-12-21 09:32:39,1,24,Belarus,Minsk,Android,organic,4
654,160676,4377,view,2023-12-21 09:32:39,1,36,Russia,Samara,iOS,organic,4
655,164978,4435,like,2023-12-21 09:32:39,1,47,Russia,Barnaul,Android,organic,4
656,166001,4294,view,2023-12-21 09:32:39,1,18,Russia,Lyubertsy,Android,organic,3
657,8298,4428,view,2023-12-21 09:32:40,0,22,Russia,Petrovsk,iOS,ads,0
658,9029,4438,view,2023-12-21 09:32:40,1,24,Russia,Tuymazy,Android,ads,3
659,22242,4480,view,2023-12-21 09:32:40,0,16,Russia,Tula,iOS,ads,4
660,52512,4188,like,2023-12-21 09:32:40,1,33,Belarus,Horad Barysaw,Android,ads,0
661,52512,4484,view,2023-12-21 09:32:40,1,33,Belarus,Horad Barysaw,Android,ads,0
662,61835,4441,view,2023-12-21 09:32:40,1,40,Russia,Svobodnyy,Android,ads,2
663,66008,4318,like,2023-12-21 09:32:40,1,19,Russia,Moscow,Android,ads,0
664,66577,4354,like,2023-12-21 09:32:40,0,42,Russia,Kandalaksha,Android,ads,0
665,113200,4454,view,2023-12-21 09:32:40,0,22,Russia,Moscow,iOS,organic,0
666,123567,4189,view,2023-12-21 09:32:40,1,27,Russia,Yemva,Android,organic,2
667,137916,4438,view,2023-12-21 09:32:40,0,15,Belarus,Minsk,Android,organic,3
668,140045,4447,view,2023-12-21 09:32:40,0,16,Russia,Moscow,Android,organic,2
669,160484,4318,view,2023-12-21 09:32:40,1,17,Russia,Novovyatsk,iOS,organic,2
670,164978,4454,like,2023-12-21 09:32:40,1,47,Russia,Barnaul,Android,organic,4
671,166297,4382,view,2023-12-21 09:32:40,1,24,Russia,Armavir,Android,organic,2
672,166700,4274,view,2023-12-21 09:32:40,0,19,Turkey,Samsun,iOS,organic,0
673,23197,4419,view,2023-12-21 09:32:41,0,18,Russia,Pyt’-Yakh,iOS,ads,4
674,55398,4341,view,2023-12-21 09:32:41,0,26,Russia,Ulan-Ude,Android,ads,4
675,60535,4421,view,2023-12-21 09:32:41,0,16,Belarus,Navapolatsk,Android,ads,3
676,62081,4491,view,2023-12-21 09:32:41,0,22,Belarus,Brest,iOS,ads,0
677,64472,4230,view,2023-12-21 09:32:41,0,23,Ukraine,Lysychansk,iOS,ads,0
678,106402,4454,like,2023-12-21 09:32:41,1,45,Russia,Bratsk,Android,ads,2
679,114275,4345,view,2023-12-21 09:32:41,0,38,Russia,Moscow,iOS,organic,3
680,122543,4430,view,2023-12-21 09:32:41,1,16,Russia,Salavat,iOS,organic,4
681,148336,4430,view,2023-12-21 09:32:41,1,24,Belarus,Minsk,Android,organic,4
682,166562,4358,view,2023-12-21 09:32:41,1,35,Azerbaijan,Ağcabədi,iOS,organic,3
683,33757,4419,view,2023-12-21 09:32:42,0,16,Ukraine,Sevastopol,Android,ads,3
684,59269,4480,view,2023-12-21 09:32:42,1,15,Russia,Gvardeysk,Android,ads,4
685,107836,4454,like,2023-12-21 09:32:42,1,15,Russia,Moscow,Android,organic,2
686,128920,4471,view,2023-12-21 09:32:42,1,26,Russia,Saint Petersburg,iOS,organic,3
687,148336,4438,view,2023-12-21 09:32:42,1,24,Belarus,Minsk,Android,organic,4
688,163259,4306,view,2023-12-21 09:32:42,1,17,Russia,Kotelnich,Android,organic,0
689,166700,4424,view,2023-12-21 09:32:42,0,19,Turkey,Samsun,iOS,organic,0
690,29930,4454,view,2023-12-21 09:32:43,1,24,Kazakhstan,Taraz,Android,ads,1
691,57935,4369,view,2023-12-21 09:32:43,1,39,Russia,Solikamsk,iOS,ads,3
692,127588,4442,view,2023-12-21 09:32:43,0,21,Russia,Gordeyevka,Android,organic,2
693,133290,4377,like,2023-12-21 09:32:43,0,18,Russia,Korolëv,iOS,organic,3
694,151576,4230,view,2023-12-21 09:32:43,1,20,Estonia,Tallinn,Android,organic,0
695,152166,4454,view,2023-12-21 09:32:43,0,45,Ukraine,Kyiv,Android,organic,0
696,29023,4428,like,2023-12-21 09:32:44,1,39,Russia,Perm,Android,ads,0
697,62734,4318,view,2023-12-21 09:32:44,0,24,Russia,Leninsk-Kuznetskiy,Android,ads,0
698,154299,4489,like,2023-12-21 09:32:44,0,41,Russia,Makarov,Android,organic,0
699,159141,4441,view,2023-12-21 09:32:44,1,31,Russia,Kishpek,Android,organic,1
700,166562,4454,view,2023-12-21 09:32:44,1,35,Azerbaijan,Ağcabədi,iOS,organic,3
701,15980,4430,like,2023-12-21 09:32:45,1,37,Russia,Moscow,Android,ads,2
702,57935,4319,view,2023-12-21 09:32:45,1,39,Russia,Solikamsk,iOS,ads,3
703,121824,4294,like,2023-12-21 09:32:45,0,21,Russia,Moscow,Android,organic,2
704,157478,4446,view,2023-12-21 09:32:45,1,18,Russia,Chelyabinsk,Android,organic,4
705,160572,4294,like,2023-12-21 09:32:45,0,23,Russia,Buzuluk,iOS,organic,1
706,1230,4407,view,2023-12-21 09:32:46,0,21,Turkey,Diyarbakır,Android,ads,4
707,30651,4488,view,2023-12-21 09:32:46,1,18,Turkey,Nazilli,iOS,ads,1
708,58319,4430,view,2023-12-21 09:32:46,1,31,Russia,Moscow,iOS,ads,4
709,61810,4360,view,2023-12-21 09:32:46,1,55,Russia,Tolyatti,Android,ads,1
710,107836,4405,view,2023-12-21 09:32:46,1,15,Russia,Moscow,Android,organic,2
711,131429,4351,like,2023-12-21 09:32:46,1,16,Russia,Azov,Android,organic,1
712,159990,4428,view,2023-12-21 09:32:46,1,20,Russia,Kurgan,Android,organic,4
713,12019,4261,view,2023-12-21 09:32:47,0,32,Ukraine,Zarichany,Android,ads,0
714,23197,4438,view,2023-12-21 09:32:47,0,18,Russia,Pyt’-Yakh,iOS,ads,4
715,114275,4475,view,2023-12-21 09:32:47,0,38,Russia,Moscow,iOS,organic,3
716,116419,4419,view,2023-12-21 09:32:47,1,32,Russia,Moscow,Android,organic,0
717,123567,4480,view,2023-12-21 09:32:47,1,27,Russia,Yemva,Android,organic,2
718,9029,4188,view,2023-12-21 09:32:48,1,24,Russia,Tuymazy,Android,ads,3
719,49577,4306,view,2023-12-21 09:32:48,1,22,Russia,Belgorod,Android,ads,2
720,65918,4377,view,2023-12-21 09:32:48,1,21,Russia,Moscow,Android,ads,0
721,66600,4448,view,2023-12-21 09:32:48,0,29,Russia,Saint Petersburg,Android,ads,4
722,127588,4294,view,2023-12-21 09:32:48,0,21,Russia,Gordeyevka,Android,organic,2
723,146480,4441,view,2023-12-21 09:32:48,0,15,Russia,Tomsk,Android,organic,0
724,166562,4534,view,2023-12-21 09:32:48,1,35,Azerbaijan,Ağcabədi,iOS,organic,3
725,26305,4388,view,2023-12-21 09:32:49,0,26,Russia,Khasavyurt,iOS,ads,3
726,29930,4382,view,2023-12-21 09:32:49,1,24,Kazakhstan,Taraz,Android,ads,1
727,49915,4527,like,2023-12-21 09:32:49,0,27,Russia,Krasnogorsk,Android,ads,3
728,50583,4288,view,2023-12-21 09:32:49,1,20,Russia,Kemerovo,iOS,ads,3
729,58540,4424,view,2023-12-21 09:32:49,0,22,Russia,Kursk,iOS,ads,0
730,61597,4434,view,2023-12-21 09:32:49,0,31,Russia,Arkhangelsk,Android,ads,3
731,66577,4241,view,2023-12-21 09:32:49,0,42,Russia,Kandalaksha,Android,ads,0
732,163259,4346,view,2023-12-21 09:32:49,1,17,Russia,Kotelnich,Android,organic,0
733,164978,4473,view,2023-12-21 09:32:49,1,47,Russia,Barnaul,Android,organic,4
734,15907,4294,view,2023-12-21 09:32:50,0,21,Russia,Ufa,iOS,ads,0
735,114605,4424,view,2023-12-21 09:32:50,0,20,Russia,Novosibirsk,Android,organic,2
736,122543,4428,view,2023-12-21 09:32:50,1,16,Russia,Salavat,iOS,organic,4
737,149710,4460,view,2023-12-21 09:32:50,0,39,Russia,Novopavlovsk,Android,organic,1
738,155959,4487,view,2023-12-21 09:32:50,0,16,Russia,Gorno-Altaysk,Android,organic,4
739,162604,4487,view,2023-12-21 09:32:50,1,15,Russia,Ust’-Ilimsk,Android,organic,4
740,16662,4442,view,2023-12-21 09:32:51,0,46,Russia,Cheboksary,iOS,ads,3
741,66577,4352,view,2023-12-21 09:32:51,0,42,Russia,Kandalaksha,Android,ads,0
742,116497,4534,view,2023-12-21 09:32:51,0,19,Russia,Tambov,iOS,organic,2
743,148336,4448,view,2023-12-21 09:32:51,1,24,Belarus,Minsk,Android,organic,4
744,30651,4527,view,2023-12-21 09:32:52,1,18,Turkey,Nazilli,iOS,ads,1
745,33757,4241,view,2023-12-21 09:32:52,0,16,Ukraine,Sevastopol,Android,ads,3
746,61835,4405,view,2023-12-21 09:32:52,1,40,Russia,Svobodnyy,Android,ads,2
747,66036,4362,view,2023-12-21 09:32:52,1,30,Russia,Orenburg,Android,ads,4
748,122161,4473,view,2023-12-21 09:32:52,0,52,Ukraine,Kyiv,Android,organic,4
749,127588,4306,view,2023-12-21 09:32:52,0,21,Russia,Gordeyevka,Android,organic,2
750,133290,4445,view,2023-12-21 09:32:52,0,18,Russia,Korolëv,iOS,organic,3
751,149028,4474,view,2023-12-21 09:32:52,1,41,Russia,Shatura,Android,organic,4
752,157478,4157,view,2023-12-21 09:32:52,1,18,Russia,Chelyabinsk,Android,organic,4
753,157651,4485,view,2023-12-21 09:32:52,1,23,Russia,Glazov,iOS,organic,3
754,166297,4487,view,2023-12-21 09:32:52,1,24,Russia,Armavir,Android,organic,2
755,38364,4430,view,2023-12-21 09:32:53,0,19,Russia,Perm,iOS,ads,1
756,107021,4346,view,2023-12-21 09:32:53,1,21,Russia,Fokino,iOS,organic,1
757,164418,4306,view,2023-12-21 09:32:53,1,19,Russia,Balashikha,Android,organic,2
758,166063,4306,view,2023-12-21 09:32:53,0,20,Russia,Barnaul,Android,organic,1
759,66583,4328,view,2023-12-21 09:32:54,1,21,Russia,Okhotsk,Android,ads,1
760,126384,4346,view,2023-12-21 09:32:54,0,23,Russia,Barnaul,iOS,organic,0
761,134203,4448,like,2023-12-21 09:32:54,0,19,Russia,Tomsk,iOS,organic,3
762,146480,4373,view,2023-12-21 09:32:54,0,15,Russia,Tomsk,Android,organic,0
763,10969,4388,view,2023-12-21 09:32:55,1,17,Kazakhstan,Nur-Sultan,Android,ads,2
764,49915,4454,view,2023-12-21 09:32:55,0,27,Russia,Krasnogorsk,Android,ads,3
765,55398,4454,like,2023-12-21 09:32:55,0,26,Russia,Ulan-Ude,Android,ads,4
766,55398,4452,view,2023-12-21 09:32:55,0,26,Russia,Ulan-Ude,Android,ads,4
767,112317,4382,view,2023-12-21 09:32:55,1,22,Russia,Polysayevo,Android,organic,0
768,116419,4253,view,2023-12-21 09:32:55,1,32,Russia,Moscow,Android,organic,0
769,117571,4230,view,2023-12-21 09:32:55,1,21,Russia,Groznyy,iOS,organic,0
770,120562,4294,like,2023-12-21 09:32:55,1,47,Russia,Moscow,iOS,organic,2
771,165784,4356,view,2023-12-21 09:32:55,1,20,Russia,Izhevsk,Android,organic,1
772,7860,4438,view,2023-12-21 09:32:56,0,23,Russia,Perm,Android,ads,4
773,23197,4419,like,2023-12-21 09:32:56,0,18,Russia,Pyt’-Yakh,iOS,ads,4
774,49577,4294,view,2023-12-21 09:32:56,1,22,Russia,Belgorod,Android,ads,2
775,56394,4377,view,2023-12-21 09:32:56,1,18,Russia,Krasnoyarsk,Android,ads,3
776,59269,4446,view,2023-12-21 09:32:56,1,15,Russia,Gvardeysk,Android,ads,4
777,66174,4419,view,2023-12-21 09:32:56,0,28,Russia,Shakhty,iOS,ads,0
778,107836,4488,view,2023-12-21 09:32:56,1,15,Russia,Moscow,Android,organic,2
779,108189,4442,like,2023-12-21 09:32:56,1,19,Belarus,Horad Barysaw,Android,organic,1
780,117197,4294,like,2023-12-21 09:32:56,1,40,Russia,Moscow,Android,organic,1
781,122161,4445,view,2023-12-21 09:32:56,0,52,Ukraine,Kyiv,Android,organic,4
782,123182,4460,view,2023-12-21 09:32:56,1,17,Russia,Kemerovo,Android,organic,1
783,124181,4274,like,2023-12-21 09:32:56,0,17,Russia,Noginsk,Android,organic,2
784,148336,4346,view,2023-12-21 09:32:56,1,24,Belarus,Minsk,Android,organic,4
785,161589,4473,like,2023-12-21 09:32:56,1,21,Russia,Krasnodar,Android,organic,2
786,166297,4452,view,2023-12-21 09:32:56,1,24,Russia,Armavir,Android,organic,2
787,166700,4457,view,2023-12-21 09:32:56,0,19,Turkey,Samsun,iOS,organic,0
788,8298,4404,view,2023-12-21 09:32:57,0,22,Russia,Petrovsk,iOS,ads,0
789,113200,4487,view,2023-12-21 09:32:57,0,22,Russia,Moscow,iOS,organic,0
790,127588,4342,view,2023-12-21 09:32:57,0,21,Russia,Gordeyevka,Android,organic,2
791,166001,4447,view,2023-12-21 09:32:57,1,18,Russia,Lyubertsy,Android,organic,3
792,1230,4441,view,2023-12-21 09:32:58,0,21,Turkey,Diyarbakır,Android,ads,4
793,10969,4509,view,2023-12-21 09:32:58,1,17,Kazakhstan,Nur-Sultan,Android,ads,2
794,64472,4473,like,2023-12-21 09:32:58,0,23,Ukraine,Lysychansk,iOS,ads,0
795,66036,4446,view,2023-12-21 09:32:58,1,30,Russia,Orenburg,Android,ads,4
796,66583,4274,view,2023-12-21 09:32:58,1,21,Russia,Okhotsk,Android,ads,1
797,116497,4369,view,2023-12-21 09:32:58,0,19,Russia,Tambov,iOS,organic,2
798,149028,4386,view,2023-12-21 09:32:58,1,41,Russia,Shatura,Android,organic,4
799,154623,4419,view,2023-12-21 09:32:58,0,37,Russia,Lipetsk,iOS,organic,1
800,162604,4306,view,2023-12-21 09:32:58,1,15,Russia,Ust’-Ilimsk,Android,organic,4
801,50583,4456,view,2023-12-21 09:32:59,1,20,Russia,Kemerovo,iOS,ads,3
802,58319,4441,view,2023-12-21 09:32:59,1,31,Russia,Moscow,iOS,ads,4
803,58540,4407,view,2023-12-21 09:32:59,0,22,Russia,Kursk,iOS,ads,0
804,115506,4382,view,2023-12-21 09:32:59,1,18,Kazakhstan,Shymkent,Android,organic,2
805,116419,4386,like,2023-12-21 09:32:59,1,32,Russia,Moscow,Android,organic,0
806,137916,4405,view,2023-12-21 09:32:59,0,15,Belarus,Minsk,Android,organic,3
807,139535,4388,view,2023-12-21 09:32:59,1,36,Russia,Moscow,Android,organic,2
808,148957,4332,like,2023-12-21 09:32:59,1,35,Russia,Berdsk,Android,organic,1
809,151576,4157,like,2023-12-21 09:32:59,1,20,Estonia,Tallinn,Android,organic,0
810,160572,4345,view,2023-12-21 09:32:59,0,23,Russia,Buzuluk,iOS,organic,1
811,164978,4370,view,2023-12-21 09:32:59,1,47,Russia,Barnaul,Android,organic,4
812,65918,4431,view,2023-12-21 09:33:00,1,21,Russia,Moscow,Android,ads,0
813,66036,4288,view,2023-12-21 09:33:00,1,30,Russia,Orenburg,Android,ads,4
814,66036,4452,view,2023-12-21 09:33:00,1,30,Russia,Orenburg,Android,ads,4
815,113024,4419,view,2023-12-21 09:33:00,1,22,Russia,Totma,Android,organic,0
816,115506,4431,view,2023-12-21 09:33:00,1,18,Kazakhstan,Shymkent,Android,organic,2
817,116419,4377,like,2023-12-21 09:33:00,1,32,Russia,Moscow,Android,organic,0
818,14954,4346,like,2023-12-21 09:33:01,0,23,Russia,Svetlogorsk,Android,ads,2
819,26305,4412,view,2023-12-21 09:33:01,0,26,Russia,Khasavyurt,iOS,ads,3
820,58319,4373,view,2023-12-21 09:33:01,1,31,Russia,Moscow,iOS,ads,4
821,62081,4261,view,2023-12-21 09:33:01,0,22,Belarus,Brest,iOS,ads,0
822,66532,4396,view,2023-12-21 09:33:01,1,50,Belarus,Mahilyow,Android,ads,4
823,148957,4382,like,2023-12-21 09:33:01,1,35,Russia,Berdsk,Android,organic,1
824,152166,4454,like,2023-12-21 09:33:01,0,45,Ukraine,Kyiv,Android,organic,0
825,159141,4475,view,2023-12-21 09:33:01,1,31,Russia,Kishpek,Android,organic,1
826,161016,4454,view,2023-12-21 09:33:01,1,16,Russia,Kemerovo,iOS,organic,3
827,161589,4441,like,2023-12-21 09:33:01,1,21,Russia,Krasnodar,Android,organic,2
828,164978,4448,view,2023-12-21 09:33:01,1,47,Russia,Barnaul,Android,organic,4
829,166698,4441,like,2023-12-21 09:33:01,0,22,Russia,Chelyabinsk,Android,organic,3
830,34658,4288,view,2023-12-21 09:33:02,0,34,Belarus,Minsk,Android,ads,4
831,62768,4377,view,2023-12-21 09:33:02,1,21,Russia,Kemerovo,Android,ads,4
832,65918,4491,view,2023-12-21 09:33:02,1,21,Russia,Moscow,Android,ads,0
833,120562,4454,view,2023-12-21 09:33:02,1,47,Russia,Moscow,iOS,organic,2
834,139535,4382,view,2023-12-21 09:33:02,1,36,Russia,Moscow,Android,organic,2
835,155176,4441,like,2023-12-21 09:33:02,0,23,Russia,Yaroslavl,Android,organic,0
836,162922,4332,view,2023-12-21 09:33:02,1,55,Russia,Kirsanov,Android,organic,3
837,1972,4447,view,2023-12-21 09:33:03,1,36,Russia,Saint Petersburg,iOS,ads,1
838,9029,4419,view,2023-12-21 09:33:03,1,24,Russia,Tuymazy,Android,ads,3
839,133474,4475,view,2023-12-21 09:33:03,1,19,Russia,Snezhinsk,Android,organic,4
840,166297,4438,view,2023-12-21 09:33:03,1,24,Russia,Armavir,Android,organic,2
841,2948,4274,view,2023-12-21 09:33:04,0,18,Russia,Samara,Android,ads,2
842,64472,4307,view,2023-12-21 09:33:04,0,23,Ukraine,Lysychansk,iOS,ads,0
843,66036,4431,view,2023-12-21 09:33:04,1,30,Russia,Orenburg,Android,ads,4
844,128920,4424,view,2023-12-21 09:33:04,1,26,Russia,Saint Petersburg,iOS,organic,3
845,137230,4471,view,2023-12-21 09:33:04,1,16,Russia,Moscow,iOS,organic,2
846,148336,4448,like,2023-12-21 09:33:04,1,24,Belarus,Minsk,Android,organic,4
847,159141,4442,like,2023-12-21 09:33:04,1,31,Russia,Kishpek,Android,organic,1
848,160676,4352,view,2023-12-21 09:33:04,1,36,Russia,Samara,iOS,organic,4
849,165945,4404,like,2023-12-21 09:33:04,1,17,Russia,Moscow,iOS,organic,0
850,166580,4341,view,2023-12-21 09:33:04,1,24,Cyprus,Paphos,iOS,organic,1
851,59269,4487,view,2023-12-21 09:33:05,1,15,Russia,Gvardeysk,Android,ads,4
852,116701,4404,view,2023-12-21 09:33:05,1,19,Turkey,Bingöl,iOS,organic,1
853,124181,4460,view,2023-12-21 09:33:05,0,17,Russia,Noginsk,Android,organic,2
854,149710,4460,like,2023-12-21 09:33:05,0,39,Russia,Novopavlovsk,Android,organic,1
855,160962,4261,view,2023-12-21 09:33:05,1,32,Russia,Degtyarsk,Android,organic,2
856,164978,4452,view,2023-12-21 09:33:05,1,47,Russia,Barnaul,Android,organic,4
857,15907,4382,like,2023-12-21 09:33:06,0,21,Russia,Ufa,iOS,ads,0
858,26305,4382,view,2023-12-21 09:33:06,0,26,Russia,Khasavyurt,iOS,ads,3
859,38364,4456,view,2023-12-21 09:33:06,0,19,Russia,Perm,iOS,ads,1
860,63856,4306,view,2023-12-21 09:33:06,1,25,Russia,Nadym,iOS,ads,2
861,107623,4352,view,2023-12-21 09:33:06,0,18,Russia,Slobodskoy,iOS,organic,4
862,159141,4447,view,2023-12-21 09:33:06,1,31,Russia,Kishpek,Android,organic,1
863,163669,4294,view,2023-12-21 09:33:06,0,21,Russia,Saint Petersburg,Android,organic,2
864,3690,4382,view,2023-12-21 09:33:07,0,33,Russia,Yessentuki,Android,ads,1
865,23197,4443,view,2023-12-21 09:33:07,0,18,Russia,Pyt’-Yakh,iOS,ads,4
866,52512,4157,like,2023-12-21 09:33:07,1,33,Belarus,Horad Barysaw,Android,ads,0
867,66532,4527,view,2023-12-21 09:33:07,1,50,Belarus,Mahilyow,Android,ads,4
868,116497,4288,view,2023-12-21 09:33:07,0,19,Russia,Tambov,iOS,organic,2
869,148483,4454,view,2023-12-21 09:33:07,1,22,Russia,Chelyabinsk,Android,organic,4
870,148957,4454,like,2023-12-21 09:33:07,1,35,Russia,Berdsk,Android,organic,1
871,157478,4365,view,2023-12-21 09:33:07,1,18,Russia,Chelyabinsk,Android,organic,4
872,61597,4454,view,2023-12-21 09:33:08,0,31,Russia,Arkhangelsk,Android,ads,3
873,66583,4365,like,2023-12-21 09:33:08,1,21,Russia,Okhotsk,Android,ads,1
874,120329,4446,view,2023-12-21 09:33:08,0,32,Russia,Novoulyanovsk,Android,organic,3
875,155959,4452,view,2023-12-21 09:33:08,0,16,Russia,Gorno-Altaysk,Android,organic,4
876,16662,4382,view,2023-12-21 09:33:09,0,46,Russia,Cheboksary,iOS,ads,3
877,54625,4328,view,2023-12-21 09:33:09,0,52,Russia,Moscow,iOS,ads,3
878,63856,4440,view,2023-12-21 09:33:09,1,25,Russia,Nadym,iOS,ads,2
879,154327,4428,view,2023-12-21 09:33:09,1,18,Russia,Moscow,Android,organic,2
880,161589,4188,view,2023-12-21 09:33:09,1,21,Russia,Krasnodar,Android,organic,2
881,162604,4489,view,2023-12-21 09:33:09,1,15,Russia,Ust’-Ilimsk,Android,organic,4
882,165520,4491,view,2023-12-21 09:33:09,0,21,Russia,Yekaterinburg,Android,organic,0
883,166580,4328,view,2023-12-21 09:33:09,1,24,Cyprus,Paphos,iOS,organic,1
884,1972,4454,like,2023-12-21 09:33:10,1,36,Russia,Saint Petersburg,iOS,ads,1
885,47868,4509,view,2023-12-21 09:33:10,0,24,Russia,Korolëv,Android,ads,4
886,52512,4432,view,2023-12-21 09:33:10,1,33,Belarus,Horad Barysaw,Android,ads,0
887,62734,4442,view,2023-12-21 09:33:10,0,24,Russia,Leninsk-Kuznetskiy,Android,ads,0
888,112643,4306,view,2023-12-21 09:33:10,1,18,Russia,Samara,Android,organic,0
889,121824,4306,view,2023-12-21 09:33:10,0,21,Russia,Moscow,Android,organic,2
890,145774,4419,view,2023-12-21 09:33:10,0,30,Ukraine,Sevastopol,Android,organic,1
891,164418,4447,view,2023-12-21 09:33:10,1,19,Russia,Balashikha,Android,organic,2
892,164538,4332,view,2023-12-21 09:33:10,1,22,Finland,Oulu,Android,organic,1
893,166297,4392,view,2023-12-21 09:33:10,1,24,Russia,Armavir,Android,organic,2
894,64472,4318,view,2023-12-21 09:33:11,0,23,Ukraine,Lysychansk,iOS,ads,0
895,65918,4342,view,2023-12-21 09:33:11,1,21,Russia,Moscow,Android,ads,0
896,151546,4436,view,2023-12-21 09:33:11,1,18,Kazakhstan,Qaraghandy,Android,organic,0
897,161589,4307,like,2023-12-21 09:33:11,1,21,Russia,Krasnodar,Android,organic,2
898,166063,4491,view,2023-12-21 09:33:11,0,20,Russia,Barnaul,Android,organic,1
899,148483,4491,view,2023-12-21 09:33:12,1,22,Russia,Chelyabinsk,Android,organic,4
900,154299,4445,view,2023-12-21 09:33:12,0,41,Russia,Makarov,Android,organic,0
901,163669,4534,view,2023-12-21 09:33:12,0,21,Russia,Saint Petersburg,Android,organic,2
902,14954,4188,view,2023-12-21 09:33:13,0,23,Russia,Svetlogorsk,Android,ads,2
903,36032,4419,view,2023-12-21 09:33:13,0,16,Russia,Saint Petersburg,iOS,ads,4
904,65340,4306,view,2023-12-21 09:33:13,1,19,Russia,Vladivostok,iOS,ads,1
905,133290,4306,like,2023-12-21 09:33:13,0,18,Russia,Korolëv,iOS,organic,3
906,152795,4475,view,2023-12-21 09:33:13,1,27,Russia,Lipetsk,Android,organic,0
907,157478,4230,view,2023-12-21 09:33:13,1,18,Russia,Chelyabinsk,Android,organic,4
908,165784,4230,view,2023-12-21 09:33:13,1,20,Russia,Izhevsk,Android,organic,1
909,33757,4534,view,2023-12-21 09:33:14,0,16,Ukraine,Sevastopol,Android,ads,3
910,57935,4452,like,2023-12-21 09:33:14,1,39,Russia,Solikamsk,iOS,ads,3
911,57935,4376,view,2023-12-21 09:33:14,1,39,Russia,Solikamsk,iOS,ads,3
912,57935,4377,view,2023-12-21 09:33:14,1,39,Russia,Solikamsk,iOS,ads,3
913,63365,4346,view,2023-12-21 09:33:14,0,19,Russia,Surgut,iOS,ads,0
914,149710,4473,like,2023-12-21 09:33:14,0,39,Russia,Novopavlovsk,Android,organic,1
915,7860,4405,view,2023-12-21 09:33:15,0,23,Russia,Perm,Android,ads,4
916,29930,4377,view,2023-12-21 09:33:15,1,24,Kazakhstan,Taraz,Android,ads,1
917,61275,4382,view,2023-12-21 09:33:15,0,15,Russia,Vladikavkaz,Android,ads,3
918,133290,4369,view,2023-12-21 09:33:15,0,18,Russia,Korolëv,iOS,organic,3
919,146480,4369,view,2023-12-21 09:33:15,0,15,Russia,Tomsk,Android,organic,0
920,151176,4509,like,2023-12-21 09:33:15,0,33,Russia,Vladikavkaz,Android,organic,0
921,163669,4306,view,2023-12-21 09:33:15,0,21,Russia,Saint Petersburg,Android,organic,2
922,34658,4345,like,2023-12-21 09:33:16,0,34,Belarus,Minsk,Android,ads,4
923,64548,4306,view,2023-12-21 09:33:16,1,25,Russia,Ryazan,iOS,ads,3
924,66580,4446,view,2023-12-21 09:33:16,1,39,Russia,Moscow,Android,ads,0
925,66583,4438,view,2023-12-21 09:33:16,1,21,Russia,Okhotsk,Android,ads,1
926,107465,4428,view,2023-12-21 09:33:16,0,22,Ukraine,Kvasyliv,Android,organic,0
927,107836,4488,like,2023-12-21 09:33:16,1,15,Russia,Moscow,Android,organic,2
928,108189,4454,view,2023-12-21 09:33:16,1,19,Belarus,Horad Barysaw,Android,organic,1
929,113200,4425,view,2023-12-21 09:33:16,0,22,Russia,Moscow,iOS,organic,0
930,128779,4352,like,2023-12-21 09:33:16,0,22,Russia,Fëdorovka,Android,organic,1
931,137205,4527,view,2023-12-21 09:33:16,1,34,Russia,Moscow,Android,organic,0
932,145774,4241,view,2023-12-21 09:33:16,0,30,Ukraine,Sevastopol,Android,organic,1
933,162604,4274,like,2023-12-21 09:33:16,1,15,Russia,Ust’-Ilimsk,Android,organic,4
934,163669,4386,view,2023-12-21 09:33:16,0,21,Russia,Saint Petersburg,Android,organic,2
935,166297,4377,view,2023-12-21 09:33:16,1,24,Russia,Armavir,Android,organic,2
936,9029,4407,view,2023-12-21 09:33:17,1,24,Russia,Tuymazy,Android,ads,3
937,10969,4376,view,2023-12-21 09:33:17,1,17,Kazakhstan,Nur-Sultan,Android,ads,2
938,62081,4261,like,2023-12-21 09:33:17,0,22,Belarus,Brest,iOS,ads,0
939,65340,4442,view,2023-12-21 09:33:17,1,19,Russia,Vladivostok,iOS,ads,1
940,66532,4377,view,2023-12-21 09:33:17,1,50,Belarus,Mahilyow,Android,ads,4
941,114275,4407,view,2023-12-21 09:33:17,0,38,Russia,Moscow,iOS,organic,3
942,116701,4527,view,2023-12-21 09:33:17,1,19,Turkey,Bingöl,iOS,organic,1
943,117571,4230,like,2023-12-21 09:33:17,1,21,Russia,Groznyy,iOS,organic,0
944,154327,4485,view,2023-12-21 09:33:17,1,18,Russia,Moscow,Android,organic,2
945,154623,4346,view,2023-12-21 09:33:17,0,37,Russia,Lipetsk,iOS,organic,1
946,162604,4438,like,2023-12-21 09:33:17,1,15,Russia,Ust’-Ilimsk,Android,organic,4
947,166698,4489,view,2023-12-21 09:33:17,0,22,Russia,Chelyabinsk,Android,organic,3
948,33757,4346,view,2023-12-21 09:33:18,0,16,Ukraine,Sevastopol,Android,ads,3
949,60535,4484,view,2023-12-21 09:33:18,0,16,Belarus,Navapolatsk,Android,ads,3
950,143168,4354,view,2023-12-21 09:33:18,0,46,Russia,Kazan,iOS,organic,2
951,148957,4509,view,2023-12-21 09:33:18,1,35,Russia,Berdsk,Android,organic,1
952,154299,4377,like,2023-12-21 09:33:18,0,41,Russia,Makarov,Android,organic,0
953,163812,4435,view,2023-12-21 09:33:18,0,19,Russia,Bratsk,Android,organic,0
954,166698,4447,view,2023-12-21 09:33:18,0,22,Russia,Chelyabinsk,Android,organic,3
955,10969,4404,view,2023-12-21 09:33:19,1,17,Kazakhstan,Nur-Sultan,Android,ads,2
956,123567,4294,view,2023-12-21 09:33:19,1,27,Russia,Yemva,Android,organic,2
957,137205,4487,view,2023-12-21 09:33:19,1,34,Russia,Moscow,Android,organic,0
958,148336,4447,like,2023-12-21 09:33:19,1,24,Belarus,Minsk,Android,organic,4
959,148336,4438,like,2023-12-21 09:33:19,1,24,Belarus,Minsk,Android,organic,4
960,151576,4356,view,2023-12-21 09:33:19,1,20,Estonia,Tallinn,Android,organic,0
961,160065,4382,view,2023-12-21 09:33:19,0,36,Russia,Groznyy,Android,organic,1
962,10969,4382,view,2023-12-21 09:33:20,1,17,Kazakhstan,Nur-Sultan,Android,ads,2
963,18301,4446,view,2023-12-21 09:33:20,1,29,Russia,Khabarovsk,Android,ads,1
964,34658,4382,view,2023-12-21 09:33:20,0,34,Belarus,Minsk,Android,ads,4
965,58319,4382,view,2023-12-21 09:33:20,1,31,Russia,Moscow,iOS,ads,4
966,61701,4253,view,2023-12-21 09:33:20,0,26,Russia,Rogovatoye,iOS,ads,4
967,66008,4382,view,2023-12-21 09:33:20,1,19,Russia,Moscow,Android,ads,0
968,122161,4435,view,2023-12-21 09:33:20,0,52,Ukraine,Kyiv,Android,organic,4
969,131710,4412,view,2023-12-21 09:33:20,1,26,Russia,Vladivostok,Android,organic,2
970,137205,4435,view,2023-12-21 09:33:20,1,34,Russia,Moscow,Android,organic,0
971,149710,4441,view,2023-12-21 09:33:20,0,39,Russia,Novopavlovsk,Android,organic,1
972,154623,4332,view,2023-12-21 09:33:20,0,37,Russia,Lipetsk,iOS,organic,1
973,164978,4419,like,2023-12-21 09:33:20,1,47,Russia,Barnaul,Android,organic,4
974,166001,4454,view,2023-12-21 09:33:20,1,18,Russia,Lyubertsy,Android,organic,3
975,2948,4445,view,2023-12-21 09:33:21,0,18,Russia,Samara,Android,ads,2
976,59269,4428,like,2023-12-21 09:33:21,1,15,Russia,Gvardeysk,Android,ads,4
977,61275,4369,view,2023-12-21 09:33:21,0,15,Russia,Vladikavkaz,Android,ads,3
978,116497,4468,view,2023-12-21 09:33:21,0,19,Russia,Tambov,iOS,organic,2
979,116701,4438,view,2023-12-21 09:33:21,1,19,Turkey,Bingöl,iOS,organic,1
980,123182,4454,view,2023-12-21 09:33:21,1,17,Russia,Kemerovo,Android,organic,1
981,151576,4485,view,2023-12-21 09:33:21,1,20,Estonia,Tallinn,Android,organic,0
982,159918,4412,view,2023-12-21 09:33:21,0,14,Russia,Vichuga,iOS,organic,4
983,14954,4445,like,2023-12-21 09:33:22,0,23,Russia,Svetlogorsk,Android,ads,2
984,107021,4438,view,2023-12-21 09:33:22,1,21,Russia,Fokino,iOS,organic,1
985,114275,4428,view,2023-12-21 09:33:22,0,38,Russia,Moscow,iOS,organic,3
986,127588,4473,view,2023-12-21 09:33:22,0,21,Russia,Gordeyevka,Android,organic,2
987,131710,4318,view,2023-12-21 09:33:22,1,26,Russia,Vladivostok,Android,organic,2
988,148336,4430,like,2023-12-21 09:33:22,1,24,Belarus,Minsk,Android,organic,4
989,166562,4261,view,2023-12-21 09:33:22,1,35,Azerbaijan,Ağcabədi,iOS,organic,3
990,166698,4454,like,2023-12-21 09:33:22,0,22,Russia,Chelyabinsk,Android,organic,3
991,23197,4157,view,2023-12-21 09:33:23,0,18,Russia,Pyt’-Yakh,iOS,ads,4
992,29930,4421,view,2023-12-21 09:33:23,1,24,Kazakhstan,Taraz,Android,ads,1
993,36032,4405,view,2023-12-21 09:33:23,0,16,Russia,Saint Petersburg,iOS,ads,4
994,121824,4306,like,2023-12-21 09:33:23,0,21,Russia,Moscow,Android,organic,2
995,122789,4484,view,2023-12-21 09:33:23,0,19,Turkey,Tekirdağ,Android,organic,4
996,151546,4483,view,2023-12-21 09:33:23,1,18,Kazakhstan,Qaraghandy,Android,organic,0
997,155176,4306,view,2023-12-21 09:33:23,0,23,Russia,Yaroslavl,Android,organic,0
998,159918,4527,view,2023-12-21 09:33:23,0,14,Russia,Vichuga,iOS,organic,4
999,162604,4491,view,2023-12-21 09:33:23,1,15,Russia,Ust’-Ilimsk,Android,organic,4
