,user_id,receiver_id,time,source,exp_group,gender,age,country,city,os
0,13116,17622,2023-12-26 16:50:03,ads,3,1,15,Ukraine,Vinnytsia,iOS
1,19598,120551,2023-12-26 16:50:04,ads,0,0,17,Russia,Noginsk,iOS
2,114604,17622,2023-12-26 16:50:04,organic,4,1,15,Russia,Engels,Android
3,123681,110894,2023-12-26 16:50:04,organic,4,1,21,Russia,Artëm,iOS
4,123681,118611,2023-12-26 16:55:00,organic,4,1,21,Russia,Artëm,iOS
5,124712,122965,2023-12-26 16:55:00,organic,0,1,21,Russia,Krasnodar,iOS
6,120753,115330,2023-12-26 16:55:01,organic,3,0,20,Russia,Blagoveshchensk,iOS
7,19598,5171,2023-12-26 16:55:02,ads,0,0,17,Russia,Noginsk,iOS
8,19951,114421,2023-12-26 16:55:02,ads,4,0,25,Ukraine,Kharkiv,Android
9,1954,118902,2023-12-26 16:55:03,ads,1,0,17,Russia,Novosibirsk,Android
10,19600,108236,2023-12-26 16:55:03,ads,0,0,20,Russia,Khabarovsk,iOS
11,13689,107647,2023-12-26 16:55:04,ads,4,1,21,Belarus,Babruysk,Android
12,9608,112871,2023-12-26 17:00:00,ads,2,0,23,Russia,Orsk,iOS
13,13689,114450,2023-12-26 17:00:00,ads,4,1,21,Belarus,Babruysk,Android
14,13981,117733,2023-12-26 17:00:00,ads,2,1,18,Russia,Velikiy Novgorod,Android
15,17824,111140,2023-12-26 17:00:01,ads,2,0,25,Ukraine,Velykodolynske,Android
16,124637,9761,2023-12-26 17:00:02,organic,3,1,49,Finland,Heinola,iOS
17,126150,109072,2023-12-26 17:00:02,organic,3,1,31,Russia,Zima,Android
18,16750,9761,2023-12-26 17:00:03,ads,3,1,33,Russia,Miass,iOS
19,19598,5171,2023-12-26 17:00:04,ads,0,0,17,Russia,Noginsk,iOS
20,19913,124787,2023-12-26 17:00:04,ads,4,1,23,Russia,Tambov,Android
21,121967,9761,2023-12-26 17:00:04,organic,3,0,38,Russia,Krasnoyarsk,Android
22,19598,7819,2023-12-26 17:05:00,ads,0,0,17,Russia,Noginsk,iOS
23,125008,108192,2023-12-26 17:05:00,organic,0,0,30,Russia,Urus-Martan,Android
24,122212,107647,2023-12-26 17:05:01,organic,2,1,26,Russia,Podolsk,Android
25,125008,115756,2023-12-26 17:05:01,organic,0,0,30,Russia,Urus-Martan,Android
26,17119,114450,2023-12-26 17:05:02,ads,1,1,22,Russia,Ufa,Android
27,19486,19201,2023-12-26 17:05:02,ads,1,1,25,Russia,Tyumen,iOS
28,123327,11328,2023-12-26 17:05:02,organic,4,1,24,Russia,Moscow,Android
29,19486,125057,2023-12-26 17:05:03,ads,1,1,25,Russia,Tyumen,iOS
30,13270,4211,2023-12-26 17:05:04,ads,4,1,21,Russia,Moscow,Android
31,119923,117226,2023-12-26 17:05:04,organic,4,1,18,Russia,Dubovka,Android
32,19250,125008,2023-12-26 17:08:40,ads,3,0,24,Russia,Astrakhan,Android
33,19913,8458,2023-12-26 17:10:00,ads,4,1,23,Russia,Tambov,Android
34,117347,9761,2023-12-26 17:10:00,organic,3,1,39,Russia,Novosibirsk,Android
35,124637,124818,2023-12-26 17:10:00,organic,3,1,49,Finland,Heinola,iOS
36,117347,9761,2023-12-26 17:10:01,organic,3,1,39,Russia,Novosibirsk,Android
37,19598,13817,2023-12-26 17:10:02,ads,0,0,17,Russia,Noginsk,iOS
38,125825,9761,2023-12-26 17:10:02,organic,1,1,37,Kazakhstan,Talghar,Android
39,5171,120551,2023-12-26 17:10:03,ads,1,1,18,Russia,Moscow,Android
40,14419,124818,2023-12-26 17:10:03,ads,0,1,50,Russia,Serafimovich,iOS
41,19683,9761,2023-12-26 17:10:03,ads,1,1,42,Russia,Moscow,Android
42,19924,12272,2023-12-26 17:10:03,ads,1,0,23,Ukraine,Tarutyne,Android
43,114604,124712,2023-12-26 17:10:03,organic,4,1,15,Russia,Engels,Android
44,5171,118294,2023-12-26 17:10:04,ads,1,1,18,Russia,Moscow,Android
45,17217,5171,2023-12-26 17:14:28,ads,3,1,17,Russia,Volgograd,iOS
46,113492,117733,2023-12-26 17:15:00,organic,4,0,16,Belarus,Hrodna,Android
47,123470,16935,2023-12-26 17:15:00,organic,3,0,23,Ukraine,Kyiv,Android
48,15661,124787,2023-12-26 17:15:01,ads,4,1,19,Russia,Cherepovets,iOS
49,16750,9761,2023-12-26 17:15:01,ads,3,1,33,Russia,Miass,iOS
50,19250,111140,2023-12-26 17:15:01,ads,3,0,24,Russia,Astrakhan,Android
51,13981,13817,2023-12-26 17:15:03,ads,2,1,18,Russia,Velikiy Novgorod,Android
52,14419,124818,2023-12-26 17:15:03,ads,0,1,50,Russia,Serafimovich,iOS
53,19598,118726,2023-12-26 17:15:03,ads,0,0,17,Russia,Noginsk,iOS
54,19951,7072,2023-12-26 17:20:00,ads,4,0,25,Ukraine,Kharkiv,Android
55,120753,15892,2023-12-26 17:20:00,organic,3,0,20,Russia,Blagoveshchensk,iOS
56,122109,114227,2023-12-26 17:20:00,organic,0,0,19,Russia,Nizhnevartovsk,iOS
57,119923,5171,2023-12-26 17:20:01,organic,4,1,18,Russia,Dubovka,Android
58,122504,6728,2023-12-26 17:20:01,organic,2,0,17,Russia,Moscow,iOS
59,118040,108192,2023-12-26 17:20:02,organic,0,1,30,Russia,Prokhladnyy,Android
60,120941,9761,2023-12-26 17:20:02,organic,1,1,33,Russia,Ivanovo,Android
61,14665,108236,2023-12-26 17:20:03,ads,4,0,21,Russia,Perm,Android
62,13981,4211,2023-12-26 17:20:04,ads,2,1,18,Russia,Velikiy Novgorod,Android
63,113492,17217,2023-12-26 17:20:04,organic,4,0,16,Belarus,Hrodna,Android
64,126150,113495,2023-12-26 17:20:04,organic,3,1,31,Russia,Zima,Android
65,121674,115756,2023-12-26 17:22:59,organic,3,1,29,Russia,Omsk,Android
66,121674,4392,2023-12-26 17:25:00,organic,3,1,29,Russia,Omsk,Android
67,13116,124712,2023-12-26 17:25:02,ads,3,1,15,Ukraine,Vinnytsia,iOS
68,19486,16382,2023-12-26 17:25:02,ads,1,1,25,Russia,Tyumen,iOS
69,123327,17852,2023-12-26 17:25:02,organic,4,1,24,Russia,Moscow,Android
70,16037,119245,2023-12-26 17:25:03,ads,0,1,22,Russia,Moscow,Android
71,121674,18192,2023-12-26 17:25:03,organic,3,1,29,Russia,Omsk,Android
72,117347,9761,2023-12-26 17:25:04,organic,3,1,39,Russia,Novosibirsk,Android
73,124712,125928,2023-12-26 17:25:04,organic,0,1,21,Russia,Krasnodar,iOS
74,123327,120436,2023-12-26 17:30:00,organic,4,1,24,Russia,Moscow,Android
75,11151,9761,2023-12-26 17:30:01,ads,2,1,38,Belarus,Minsk,Android
76,13270,125041,2023-12-26 17:30:01,ads,4,1,21,Russia,Moscow,Android
77,18192,9761,2023-12-26 17:30:01,ads,3,1,37,Russia,Tula,Android
78,122212,116930,2023-12-26 17:30:01,organic,2,1,26,Russia,Podolsk,Android
79,13116,124712,2023-12-26 17:30:02,ads,3,1,15,Ukraine,Vinnytsia,iOS
80,19864,124818,2023-12-26 17:30:02,ads,3,1,54,Russia,Kimry,Android
81,117347,9761,2023-12-26 17:30:02,organic,3,1,39,Russia,Novosibirsk,Android
82,121674,118040,2023-12-26 17:30:02,organic,3,1,29,Russia,Omsk,Android
83,124818,9761,2023-12-26 17:30:02,organic,3,1,42,Russia,Ulan-Ude,iOS
84,14419,9761,2023-12-26 17:30:03,ads,0,1,50,Russia,Serafimovich,iOS
85,123327,11879,2023-12-26 17:30:04,organic,4,1,24,Russia,Moscow,Android
86,15661,8042,2023-12-26 17:35:00,ads,4,1,19,Russia,Cherepovets,iOS
87,125825,9761,2023-12-26 17:35:00,organic,1,1,37,Kazakhstan,Talghar,Android
88,113492,120551,2023-12-26 17:35:01,organic,4,0,16,Belarus,Hrodna,Android
89,125825,9761,2023-12-26 17:35:02,organic,1,1,37,Kazakhstan,Talghar,Android
90,13981,20083,2023-12-26 17:35:03,ads,2,1,18,Russia,Velikiy Novgorod,Android
91,17217,13116,2023-12-26 17:35:03,ads,3,1,17,Russia,Volgograd,iOS
92,126150,115228,2023-12-26 17:35:03,organic,3,1,31,Russia,Zima,Android
93,17824,3152,2023-12-26 17:35:04,ads,2,0,25,Ukraine,Velykodolynske,Android
94,114604,124712,2023-12-26 17:35:04,organic,4,1,15,Russia,Engels,Android
95,118040,109072,2023-12-26 17:35:04,organic,0,1,30,Russia,Prokhladnyy,Android
96,122504,13270,2023-12-26 17:35:04,organic,2,0,17,Russia,Moscow,iOS
97,14419,124818,2023-12-26 17:40:00,ads,0,1,50,Russia,Serafimovich,iOS
98,19250,4893,2023-12-26 17:40:00,ads,3,0,24,Russia,Astrakhan,Android
99,19600,123056,2023-12-26 17:40:00,ads,0,0,20,Russia,Khabarovsk,iOS
100,124637,9761,2023-12-26 17:40:00,organic,3,1,49,Finland,Heinola,iOS
101,125825,9761,2023-12-26 17:40:00,organic,1,1,37,Kazakhstan,Talghar,Android
102,1954,118902,2023-12-26 17:40:01,ads,1,0,17,Russia,Novosibirsk,Android
103,17824,15118,2023-12-26 17:40:01,ads,2,0,25,Ukraine,Velykodolynske,Android
104,123470,115405,2023-12-26 17:40:02,organic,3,0,23,Ukraine,Kyiv,Android
105,123470,122109,2023-12-26 17:40:02,organic,3,0,23,Ukraine,Kyiv,Android
106,125008,19913,2023-12-26 17:40:03,organic,0,0,30,Russia,Urus-Martan,Android
107,13116,17622,2023-12-26 17:40:04,ads,3,1,15,Ukraine,Vinnytsia,iOS
108,13689,17852,2023-12-26 17:40:04,ads,4,1,21,Belarus,Babruysk,Android
109,19600,8999,2023-12-26 17:43:36,ads,0,0,20,Russia,Khabarovsk,iOS
110,19201,19250,2023-12-26 17:45:00,ads,1,0,26,Russia,Tyumen,Android
111,19250,8106,2023-12-26 17:45:00,ads,3,0,24,Russia,Astrakhan,Android
112,125825,124818,2023-12-26 17:45:00,organic,1,1,37,Kazakhstan,Talghar,Android
113,122212,124787,2023-12-26 17:45:01,organic,2,1,26,Russia,Podolsk,Android
114,123681,11003,2023-12-26 17:45:01,organic,4,1,21,Russia,Artëm,iOS
115,18949,125928,2023-12-26 17:45:02,ads,2,1,19,Russia,Labinsk,Android
116,123327,123056,2023-12-26 17:45:02,organic,4,1,24,Russia,Moscow,Android
117,9608,109072,2023-12-26 17:45:03,ads,2,0,23,Russia,Orsk,iOS
118,18192,124818,2023-12-26 17:45:03,ads,3,1,37,Russia,Tula,Android
119,122109,18420,2023-12-26 17:45:03,organic,0,0,19,Russia,Nizhnevartovsk,iOS
120,122109,107647,2023-12-26 17:45:03,organic,0,0,19,Russia,Nizhnevartovsk,iOS
121,17119,120551,2023-12-26 17:45:04,ads,1,1,22,Russia,Ufa,Android
122,18949,108236,2023-12-26 17:48:33,ads,2,1,19,Russia,Labinsk,Android
123,114604,20083,2023-12-26 17:49:02,organic,4,1,15,Russia,Engels,Android
124,15118,8042,2023-12-26 17:50:00,ads,4,0,18,Finland,Nastola,iOS
125,17824,114450,2023-12-26 17:50:00,ads,2,0,25,Ukraine,Velykodolynske,Android
126,114604,17622,2023-12-26 17:50:00,organic,4,1,15,Russia,Engels,Android
127,124637,124818,2023-12-26 17:50:01,organic,3,1,49,Finland,Heinola,iOS
128,18949,13981,2023-12-26 17:50:02,ads,2,1,19,Russia,Labinsk,Android
129,118040,114763,2023-12-26 17:50:02,organic,0,1,30,Russia,Prokhladnyy,Android
130,119923,115114,2023-12-26 17:50:02,organic,4,1,18,Russia,Dubovka,Android
131,120941,9761,2023-12-26 17:50:02,organic,1,1,33,Russia,Ivanovo,Android
132,19598,10740,2023-12-26 17:50:03,ads,0,0,17,Russia,Noginsk,iOS
133,19864,124818,2023-12-26 17:50:03,ads,3,1,54,Russia,Kimry,Android
134,9608,2782,2023-12-26 17:50:04,ads,2,0,23,Russia,Orsk,iOS
135,19924,14170,2023-12-26 17:50:04,ads,1,0,23,Ukraine,Tarutyne,Android
136,120941,9761,2023-12-26 17:50:04,organic,1,1,33,Russia,Ivanovo,Android
137,121674,115228,2023-12-26 17:51:11,organic,3,1,29,Russia,Omsk,Android
138,126150,116235,2023-12-26 17:51:36,organic,3,1,31,Russia,Zima,Android
139,17824,120863,2023-12-26 17:51:59,ads,2,0,25,Ukraine,Velykodolynske,Android
140,11151,124818,2023-12-26 17:55:00,ads,2,1,38,Belarus,Minsk,Android
141,13116,124712,2023-12-26 17:55:00,ads,3,1,15,Ukraine,Vinnytsia,iOS
142,117347,124818,2023-12-26 17:55:00,organic,3,1,39,Russia,Novosibirsk,Android
143,19864,9761,2023-12-26 17:55:01,ads,3,1,54,Russia,Kimry,Android
144,122109,4211,2023-12-26 17:55:01,organic,0,0,19,Russia,Nizhnevartovsk,iOS
145,15118,13981,2023-12-26 17:55:02,ads,4,0,18,Finland,Nastola,iOS
146,19864,9761,2023-12-26 17:55:02,ads,3,1,54,Russia,Kimry,Android
147,15118,114227,2023-12-26 17:55:03,ads,4,0,18,Finland,Nastola,iOS
148,118040,121967,2023-12-26 17:55:03,organic,0,1,30,Russia,Prokhladnyy,Android
149,124818,9761,2023-12-26 17:55:03,organic,3,1,42,Russia,Ulan-Ude,iOS
150,15661,114450,2023-12-26 17:55:04,ads,4,1,19,Russia,Cherepovets,iOS
151,19250,12272,2023-12-26 17:55:04,ads,3,0,24,Russia,Astrakhan,Android
152,11151,124818,2023-12-26 17:56:51,ads,2,1,38,Belarus,Minsk,Android
153,1954,9761,2023-12-26 18:00:01,ads,1,0,17,Russia,Novosibirsk,Android
154,13689,17622,2023-12-26 18:00:01,ads,4,1,21,Belarus,Babruysk,Android
155,15661,113679,2023-12-26 18:00:01,ads,4,1,19,Russia,Cherepovets,iOS
156,122109,13981,2023-12-26 18:00:01,organic,0,0,19,Russia,Nizhnevartovsk,iOS
157,19598,114227,2023-12-26 18:00:02,ads,0,0,17,Russia,Noginsk,iOS
158,19951,114167,2023-12-26 18:00:02,ads,4,0,25,Ukraine,Kharkiv,Android
159,118040,116235,2023-12-26 18:00:02,organic,0,1,30,Russia,Prokhladnyy,Android
160,113492,124124,2023-12-26 18:00:03,organic,4,0,16,Belarus,Hrodna,Android
161,125008,108092,2023-12-26 18:00:03,organic,0,0,30,Russia,Urus-Martan,Android
162,118040,111140,2023-12-26 18:00:04,organic,0,1,30,Russia,Prokhladnyy,Android
163,14419,9761,2023-12-26 18:01:20,ads,0,1,50,Russia,Serafimovich,iOS
164,5171,119923,2023-12-26 18:05:00,ads,1,1,18,Russia,Moscow,Android
165,16750,9761,2023-12-26 18:05:00,ads,3,1,33,Russia,Miass,iOS
166,1954,16394,2023-12-26 18:05:01,ads,1,0,17,Russia,Novosibirsk,Android
167,17119,125928,2023-12-26 18:05:01,ads,1,1,22,Russia,Ufa,Android
168,124818,9761,2023-12-26 18:05:01,organic,3,1,42,Russia,Ulan-Ude,iOS
169,13689,116930,2023-12-26 18:05:02,ads,4,1,21,Belarus,Babruysk,Android
170,122212,15892,2023-12-26 18:05:02,organic,2,1,26,Russia,Podolsk,Android
171,13270,114227,2023-12-26 18:05:04,ads,4,1,21,Russia,Moscow,Android
172,18949,109006,2023-12-26 18:05:04,ads,2,1,19,Russia,Labinsk,Android
173,19250,7072,2023-12-26 18:05:04,ads,3,0,24,Russia,Astrakhan,Android
174,121967,9761,2023-12-26 18:05:04,organic,3,0,38,Russia,Krasnoyarsk,Android
175,121967,9761,2023-12-26 18:05:04,organic,3,0,38,Russia,Krasnoyarsk,Android
176,15118,124712,2023-12-26 18:10:00,ads,4,0,18,Finland,Nastola,iOS
177,17824,118875,2023-12-26 18:10:00,ads,2,0,25,Ukraine,Velykodolynske,Android
178,122109,8042,2023-12-26 18:10:01,organic,0,0,19,Russia,Nizhnevartovsk,iOS
179,123681,4211,2023-12-26 18:10:01,organic,4,1,21,Russia,Artëm,iOS
180,11151,9761,2023-12-26 18:10:02,ads,2,1,38,Belarus,Minsk,Android
181,13689,115114,2023-12-26 18:10:02,ads,4,1,21,Belarus,Babruysk,Android
182,15661,116930,2023-12-26 18:10:02,ads,4,1,19,Russia,Cherepovets,iOS
183,19250,11328,2023-12-26 18:10:02,ads,3,0,24,Russia,Astrakhan,Android
184,117347,9761,2023-12-26 18:10:02,organic,3,1,39,Russia,Novosibirsk,Android
185,124712,111603,2023-12-26 18:10:03,organic,0,1,21,Russia,Krasnodar,iOS
186,19065,19295,2023-12-26 18:10:04,ads,4,0,21,Russia,Ulyanovsk,iOS
187,13689,110830,2023-12-26 18:15:00,ads,4,1,21,Belarus,Babruysk,Android
188,15118,111505,2023-12-26 18:15:00,ads,4,0,18,Finland,Nastola,iOS
189,17217,15118,2023-12-26 18:15:00,ads,3,1,17,Russia,Volgograd,iOS
190,121967,124818,2023-12-26 18:15:00,organic,3,0,38,Russia,Krasnoyarsk,Android
191,122109,107647,2023-12-26 18:15:00,organic,0,0,19,Russia,Nizhnevartovsk,iOS
192,122212,17678,2023-12-26 18:15:00,organic,2,1,26,Russia,Podolsk,Android
193,123681,115405,2023-12-26 18:15:00,organic,4,1,21,Russia,Artëm,iOS
194,126150,123572,2023-12-26 18:15:00,organic,3,1,31,Russia,Zima,Android
195,18192,9761,2023-12-26 18:15:01,ads,3,1,37,Russia,Tula,Android
196,120262,4392,2023-12-26 18:15:01,organic,2,0,18,Russia,Moscow,iOS
197,120262,115595,2023-12-26 18:15:01,organic,2,0,18,Russia,Moscow,iOS
198,14419,124818,2023-12-26 18:15:02,ads,0,1,50,Russia,Serafimovich,iOS
199,19864,124818,2023-12-26 18:15:02,ads,3,1,54,Russia,Kimry,Android
200,117347,9761,2023-12-26 18:15:02,organic,3,1,39,Russia,Novosibirsk,Android
201,13689,15892,2023-12-26 18:15:03,ads,4,1,21,Belarus,Babruysk,Android
202,16750,9761,2023-12-26 18:15:03,ads,3,1,33,Russia,Miass,iOS
203,13981,1954,2023-12-26 18:15:04,ads,2,1,18,Russia,Velikiy Novgorod,Android
204,14665,117226,2023-12-26 18:15:04,ads,4,0,21,Russia,Perm,Android
205,124712,119245,2023-12-26 18:15:04,organic,0,1,21,Russia,Krasnodar,iOS
206,120262,111505,2023-12-26 18:20:00,organic,2,0,18,Russia,Moscow,iOS
207,123681,110830,2023-12-26 18:20:00,organic,4,1,21,Russia,Artëm,iOS
208,125825,9761,2023-12-26 18:20:00,organic,1,1,37,Kazakhstan,Talghar,Android
209,126150,116235,2023-12-26 18:20:00,organic,3,1,31,Russia,Zima,Android
210,19864,9761,2023-12-26 18:20:01,ads,3,1,54,Russia,Kimry,Android
211,19065,20083,2023-12-26 18:20:02,ads,4,0,21,Russia,Ulyanovsk,iOS
212,19250,108092,2023-12-26 18:20:02,ads,3,0,24,Russia,Astrakhan,Android
213,124818,9761,2023-12-26 18:20:02,organic,3,1,42,Russia,Ulan-Ude,iOS
214,126150,117478,2023-12-26 18:20:02,organic,3,1,31,Russia,Zima,Android
215,114604,17622,2023-12-26 18:20:04,organic,4,1,15,Russia,Engels,Android
216,119923,122504,2023-12-26 18:20:04,organic,4,1,18,Russia,Dubovka,Android
217,125825,9761,2023-12-26 18:20:04,organic,1,1,37,Kazakhstan,Talghar,Android
218,17824,19065,2023-12-26 18:25:00,ads,2,0,25,Ukraine,Velykodolynske,Android
219,15118,119923,2023-12-26 18:25:01,ads,4,0,18,Finland,Nastola,iOS
220,125008,123316,2023-12-26 18:25:01,organic,0,0,30,Russia,Urus-Martan,Android
221,126150,6874,2023-12-26 18:25:01,organic,3,1,31,Russia,Zima,Android
222,13116,20083,2023-12-26 18:25:02,ads,3,1,15,Ukraine,Vinnytsia,iOS
223,11151,9761,2023-12-26 18:25:03,ads,2,1,38,Belarus,Minsk,Android
224,17119,119658,2023-12-26 18:25:03,ads,1,1,22,Russia,Ufa,Android
225,19598,125436,2023-12-26 18:25:03,ads,0,0,17,Russia,Noginsk,iOS
226,15118,108236,2023-12-26 18:25:04,ads,4,0,18,Finland,Nastola,iOS
227,19065,15892,2023-12-26 18:25:04,ads,4,0,21,Russia,Ulyanovsk,iOS
228,19683,9761,2023-12-26 18:25:04,ads,1,1,42,Russia,Moscow,Android
229,19913,116930,2023-12-26 18:25:04,ads,4,1,23,Russia,Tambov,Android
230,19913,115595,2023-12-26 18:30:00,ads,4,1,23,Russia,Tambov,Android
231,122504,6728,2023-12-26 18:30:00,organic,2,0,17,Russia,Moscow,iOS
232,17119,114167,2023-12-26 18:30:01,ads,1,1,22,Russia,Ufa,Android
233,117347,124818,2023-12-26 18:30:01,organic,3,1,39,Russia,Novosibirsk,Android
234,121674,17813,2023-12-26 18:30:01,organic,3,1,29,Russia,Omsk,Android
235,123327,19598,2023-12-26 18:30:01,organic,4,1,24,Russia,Moscow,Android
236,123470,117148,2023-12-26 18:30:01,organic,3,0,23,Ukraine,Kyiv,Android
237,18192,9761,2023-12-26 18:30:02,ads,3,1,37,Russia,Tula,Android
238,13689,1867,2023-12-26 18:30:04,ads,4,1,21,Belarus,Babruysk,Android
239,16037,11879,2023-12-26 18:30:04,ads,0,1,22,Russia,Moscow,Android
240,19598,15118,2023-12-26 18:30:04,ads,0,0,17,Russia,Noginsk,iOS
241,122212,1817,2023-12-26 18:34:19,organic,2,1,26,Russia,Podolsk,Android
242,125825,124818,2023-12-26 18:35:00,organic,1,1,37,Kazakhstan,Talghar,Android
243,14419,9761,2023-12-26 18:35:01,ads,0,1,50,Russia,Serafimovich,iOS
244,19250,1817,2023-12-26 18:35:01,ads,3,0,24,Russia,Astrakhan,Android
245,122212,14170,2023-12-26 18:35:01,organic,2,1,26,Russia,Podolsk,Android
246,122504,120551,2023-12-26 18:35:01,organic,2,0,17,Russia,Moscow,iOS
247,15661,13817,2023-12-26 18:35:02,ads,4,1,19,Russia,Cherepovets,iOS
248,19600,124558,2023-12-26 18:35:03,ads,0,0,20,Russia,Khabarovsk,iOS
249,19600,19201,2023-12-26 18:35:04,ads,0,0,20,Russia,Khabarovsk,iOS
250,124712,8106,2023-12-26 18:35:04,organic,0,1,21,Russia,Krasnodar,iOS
251,19201,123572,2023-12-26 18:35:53,ads,1,0,26,Russia,Tyumen,Android
252,19683,124818,2023-12-26 18:38:29,ads,1,1,42,Russia,Moscow,Android
253,15661,17622,2023-12-26 18:40:00,ads,4,1,19,Russia,Cherepovets,iOS
254,19924,114450,2023-12-26 18:40:00,ads,1,0,23,Ukraine,Tarutyne,Android
255,120941,9761,2023-12-26 18:40:00,organic,1,1,33,Russia,Ivanovo,Android
256,123681,16744,2023-12-26 18:40:02,organic,4,1,21,Russia,Artëm,iOS
257,124712,117226,2023-12-26 18:40:03,organic,0,1,21,Russia,Krasnodar,iOS
258,18949,8458,2023-12-26 18:40:04,ads,2,1,19,Russia,Labinsk,Android
259,13270,1817,2023-12-26 18:45:00,ads,4,1,21,Russia,Moscow,Android
260,19864,9761,2023-12-26 18:45:00,ads,3,1,54,Russia,Kimry,Android
261,19864,124818,2023-12-26 18:45:00,ads,3,1,54,Russia,Kimry,Android
262,19913,123572,2023-12-26 18:45:00,ads,4,1,23,Russia,Tambov,Android
263,123681,19913,2023-12-26 18:45:00,organic,4,1,21,Russia,Artëm,iOS
264,17824,8106,2023-12-26 18:45:01,ads,2,0,25,Ukraine,Velykodolynske,Android
265,19913,111603,2023-12-26 18:45:01,ads,4,1,23,Russia,Tambov,Android
266,118040,19951,2023-12-26 18:45:01,organic,0,1,30,Russia,Prokhladnyy,Android
267,15661,113492,2023-12-26 18:45:02,ads,4,1,19,Russia,Cherepovets,iOS
268,19065,118611,2023-12-26 18:45:02,ads,4,0,21,Russia,Ulyanovsk,iOS
269,19683,9761,2023-12-26 18:45:02,ads,1,1,42,Russia,Moscow,Android
270,118040,19951,2023-12-26 18:45:02,organic,0,1,30,Russia,Prokhladnyy,Android
271,120262,123572,2023-12-26 18:45:02,organic,2,0,18,Russia,Moscow,iOS
272,11151,9761,2023-12-26 18:45:03,ads,2,1,38,Belarus,Minsk,Android
273,19065,118726,2023-12-26 18:45:03,ads,4,0,21,Russia,Ulyanovsk,iOS
274,18949,20083,2023-12-26 18:45:04,ads,2,1,19,Russia,Labinsk,Android
275,15661,13817,2023-12-26 18:48:01,ads,4,1,19,Russia,Cherepovets,iOS
276,18192,124818,2023-12-26 18:50:00,ads,3,1,37,Russia,Tula,Android
277,19250,14170,2023-12-26 18:50:00,ads,3,0,24,Russia,Astrakhan,Android
278,19683,124818,2023-12-26 18:50:00,ads,1,1,42,Russia,Moscow,Android
279,125825,9761,2023-12-26 18:50:01,organic,1,1,37,Kazakhstan,Talghar,Android
280,13981,118119,2023-12-26 18:50:02,ads,2,1,18,Russia,Velikiy Novgorod,Android
281,15661,124787,2023-12-26 18:50:02,ads,4,1,19,Russia,Cherepovets,iOS
282,13116,20083,2023-12-26 18:50:03,ads,3,1,15,Ukraine,Vinnytsia,iOS
283,121967,9761,2023-12-26 18:50:29,organic,3,0,38,Russia,Krasnoyarsk,Android
284,14665,345,2023-12-26 18:52:09,ads,4,0,21,Russia,Perm,Android
285,17119,125436,2023-12-26 18:55:00,ads,1,1,22,Russia,Ufa,Android
286,125825,9761,2023-12-26 18:55:00,organic,1,1,37,Kazakhstan,Talghar,Android
287,13116,17622,2023-12-26 18:55:01,ads,3,1,15,Ukraine,Vinnytsia,iOS
288,14665,19598,2023-12-26 18:55:01,ads,4,0,21,Russia,Perm,Android
289,16750,9761,2023-12-26 18:55:01,ads,3,1,33,Russia,Miass,iOS
290,14419,9761,2023-12-26 18:55:02,ads,0,1,50,Russia,Serafimovich,iOS
291,18949,118726,2023-12-26 18:55:02,ads,2,1,19,Russia,Labinsk,Android
292,19065,4392,2023-12-26 18:55:02,ads,4,0,21,Russia,Ulyanovsk,iOS
293,13981,116930,2023-12-26 18:55:03,ads,2,1,18,Russia,Velikiy Novgorod,Android
294,16037,17852,2023-12-26 18:55:03,ads,0,1,22,Russia,Moscow,Android
295,19598,118875,2023-12-26 18:55:03,ads,0,0,17,Russia,Noginsk,iOS
296,19600,13116,2023-12-26 18:55:03,ads,0,0,20,Russia,Khabarovsk,iOS
297,120941,18192,2023-12-26 18:55:03,organic,1,1,33,Russia,Ivanovo,Android
298,123681,18420,2023-12-26 18:55:03,organic,4,1,21,Russia,Artëm,iOS
299,15118,115595,2023-12-26 18:55:04,ads,4,0,18,Finland,Nastola,iOS
300,19951,20083,2023-12-26 19:00:00,ads,4,0,25,Ukraine,Kharkiv,Android
301,125008,123439,2023-12-26 19:00:00,organic,0,0,30,Russia,Urus-Martan,Android
302,11523,122747,2023-12-26 19:00:01,ads,3,0,30,Ukraine,Slavutych,Android
303,19493,113767,2023-12-26 19:00:01,ads,1,0,23,Russia,Moscow,Android
304,118729,108644,2023-12-26 19:00:01,organic,0,1,24,Russia,Novosibirsk,iOS
305,10145,121459,2023-12-26 19:00:02,ads,1,1,42,Russia,Moscow,iOS
306,16969,118825,2023-12-26 19:00:02,ads,3,0,38,Russia,Dmitrov,Android
307,126190,124291,2023-12-26 19:00:02,organic,3,0,22,Russia,Shelekhov,Android
308,14071,17570,2023-12-26 19:00:03,ads,0,1,29,Russia,Shuya,iOS
309,19205,115898,2023-12-26 19:00:03,ads,2,1,21,Russia,Moscow,Android
310,19410,118904,2023-12-26 19:00:03,ads,0,0,16,Russia,Zaval’noye,Android
311,114769,17151,2023-12-26 19:00:03,organic,1,0,31,Russia,Novocherkassk,Android
312,121996,113426,2023-12-26 19:00:03,organic,1,0,17,Russia,Luga,Android
313,126691,9320,2023-12-26 19:00:03,organic,0,1,17,Russia,Nizhnevartovsk,Android
314,14443,19410,2023-12-26 19:00:04,ads,4,0,16,Russia,Yelizovo,iOS
315,124942,16128,2023-12-26 19:00:04,organic,3,0,22,Russia,Yaroslavl,Android
316,18876,8706,2023-12-26 19:05:00,ads,4,0,15,Russia,Voronezh,iOS
317,18955,10892,2023-12-26 19:05:00,ads,2,1,31,Russia,Saint Petersburg,Android
318,19539,16741,2023-12-26 19:05:00,ads,1,1,33,Russia,Vologda,Android
319,124942,111593,2023-12-26 19:05:00,organic,3,0,22,Russia,Yaroslavl,Android
320,19059,120540,2023-12-26 19:05:01,ads,0,0,14,Russia,Barnaul,Android
321,125946,121687,2023-12-26 19:05:01,organic,2,1,14,Russia,Aznakayevo,Android
322,126443,118825,2023-12-26 19:05:01,organic,2,1,39,Ukraine,Kherson,Android
323,16378,17678,2023-12-26 19:05:02,ads,0,1,17,Russia,Sovetskaya Gavan’,Android
324,18275,18871,2023-12-26 19:05:02,ads,1,0,20,Russia,Pavlovo,Android
325,18862,118825,2023-12-26 19:05:02,ads,1,1,36,Russia,Dobryanka,Android
326,120796,118825,2023-12-26 19:05:02,organic,3,1,49,Russia,Orsk,Android
327,124696,18285,2023-12-26 19:05:02,organic,0,1,21,Russia,Moscow,Android
328,13419,17121,2023-12-26 19:05:03,ads,4,1,23,Russia,Novorossiysk,iOS
329,19205,17570,2023-12-26 19:05:03,ads,2,1,21,Russia,Moscow,Android
330,19493,123590,2023-12-26 19:05:03,ads,1,0,23,Russia,Moscow,Android
331,124744,12037,2023-12-26 19:05:03,organic,0,0,17,Russia,Ivanteyevka,iOS
332,124870,9070,2023-12-26 19:05:03,organic,4,0,21,Kazakhstan,Mangghystaū,Android
333,118729,126503,2023-12-26 19:05:11,organic,0,1,24,Russia,Novosibirsk,iOS
334,18876,124483,2023-12-26 19:10:00,ads,4,0,15,Russia,Voronezh,iOS
335,121996,17787,2023-12-26 19:10:00,organic,1,0,17,Russia,Luga,Android
336,126691,108487,2023-12-26 19:10:00,organic,0,1,17,Russia,Nizhnevartovsk,Android
337,14443,110104,2023-12-26 19:10:01,ads,4,0,16,Russia,Yelizovo,iOS
338,16969,118825,2023-12-26 19:10:01,ads,3,0,38,Russia,Dmitrov,Android
339,120764,123710,2023-12-26 19:10:01,organic,4,1,22,Russia,Moscow,iOS
340,15432,121959,2023-12-26 19:10:02,ads,1,1,24,Russia,Moscow,Android
341,19205,121096,2023-12-26 19:10:02,ads,2,1,21,Russia,Moscow,Android
342,19410,12037,2023-12-26 19:10:02,ads,0,0,16,Russia,Zaval’noye,Android
343,121939,9303,2023-12-26 19:10:02,organic,2,0,32,Russia,Verkhniy Tagil,iOS
344,125946,8706,2023-12-26 19:10:02,organic,2,1,14,Russia,Aznakayevo,Android
345,9070,124744,2023-12-26 19:10:03,ads,3,0,24,Russia,Ostashkov,Android
346,15432,108110,2023-12-26 19:10:03,ads,1,1,24,Russia,Moscow,Android
347,18285,13548,2023-12-26 19:10:03,ads,3,1,14,Russia,Kemerovo,iOS
348,18876,208,2023-12-26 19:10:03,ads,4,0,15,Russia,Voronezh,iOS
349,13419,123839,2023-12-26 19:10:04,ads,4,1,23,Russia,Novorossiysk,iOS
350,19578,121455,2023-12-26 19:10:04,ads,1,0,14,Ukraine,Kharkiv,Android
351,110618,126503,2023-12-26 19:10:04,organic,4,1,18,Ukraine,Kamianske,iOS
352,123545,121459,2023-12-26 19:10:04,organic,3,1,36,Azerbaijan,Baku,iOS
353,123416,121096,2023-12-26 19:10:14,organic,1,0,25,Russia,Zasechnoye,iOS
354,18876,13379,2023-12-26 19:10:40,ads,4,0,15,Russia,Voronezh,iOS
355,13419,117649,2023-12-26 19:10:54,ads,4,1,23,Russia,Novorossiysk,iOS
356,19002,121455,2023-12-26 19:15:00,ads,0,1,21,Russia,Moscow,iOS
357,19539,2622,2023-12-26 19:15:01,ads,1,1,33,Russia,Vologda,Android
358,19578,120540,2023-12-26 19:15:01,ads,1,0,14,Ukraine,Kharkiv,Android
359,110618,122844,2023-12-26 19:15:01,organic,4,1,18,Ukraine,Kamianske,iOS
360,125946,107167,2023-12-26 19:15:01,organic,2,1,14,Russia,Aznakayevo,Android
361,126046,17151,2023-12-26 19:15:02,organic,1,0,27,Russia,Vorkuta,Android
362,17217,108487,2023-12-26 19:15:03,ads,3,1,17,Russia,Volgograd,iOS
363,125087,121459,2023-12-26 19:15:03,organic,3,1,34,Russia,Chelyabinsk,Android
364,125087,121459,2023-12-26 19:15:03,organic,3,1,34,Russia,Chelyabinsk,Android
365,14071,17151,2023-12-26 19:15:04,ads,0,1,29,Russia,Shuya,iOS
366,17121,3234,2023-12-26 19:15:04,ads,3,1,22,Russia,Shatrovo,Android
367,124983,121459,2023-12-26 19:15:04,organic,4,0,55,Russia,Berëzovskiy,Android
368,124983,121459,2023-12-26 19:15:04,organic,4,0,55,Russia,Berëzovskiy,Android
369,126046,124192,2023-12-26 19:15:04,organic,1,0,27,Russia,Vorkuta,Android
370,2735,110396,2023-12-26 19:20:00,ads,2,0,24,Russia,Moscow,Android
371,16256,118825,2023-12-26 19:20:00,ads,1,0,15,Russia,Krasnyy Sulin,Android
372,18862,121459,2023-12-26 19:20:00,ads,1,1,36,Russia,Dobryanka,Android
373,19205,13419,2023-12-26 19:20:00,ads,2,1,21,Russia,Moscow,Android
374,19578,117740,2023-12-26 19:20:00,ads,1,0,14,Ukraine,Kharkiv,Android
375,19821,121459,2023-12-26 19:20:00,ads,4,1,52,Russia,Valerik,iOS
376,20014,118825,2023-12-26 19:20:00,ads,1,0,38,Russia,Surgut,Android
377,126046,11870,2023-12-26 19:20:00,organic,1,0,27,Russia,Vorkuta,Android
378,121996,118825,2023-12-26 19:20:01,organic,1,0,17,Russia,Luga,Android
379,16256,208,2023-12-26 19:20:02,ads,1,0,15,Russia,Krasnyy Sulin,Android
380,18955,114488,2023-12-26 19:20:02,ads,2,1,31,Russia,Saint Petersburg,Android
381,19138,14671,2023-12-26 19:20:02,ads,3,0,25,Russia,Khimki,Android
382,116404,18776,2023-12-26 19:20:02,organic,4,1,17,Russia,Barnaul,iOS
383,123545,121459,2023-12-26 19:20:02,organic,3,1,36,Azerbaijan,Baku,iOS
384,126691,125414,2023-12-26 19:20:02,organic,0,1,17,Russia,Nizhnevartovsk,Android
385,18871,7680,2023-12-26 19:20:03,ads,2,1,29,Russia,Nizhniy Novgorod,Android
386,19138,8968,2023-12-26 19:20:03,ads,3,0,25,Russia,Khimki,Android
387,125389,118904,2023-12-26 19:20:03,organic,2,0,27,Russia,Novosibirsk,Android
388,16969,121459,2023-12-26 19:20:04,ads,3,0,38,Russia,Dmitrov,Android
389,19493,19002,2023-12-26 19:20:04,ads,1,0,23,Russia,Moscow,Android
390,120764,119448,2023-12-26 19:25:00,organic,4,1,22,Russia,Moscow,iOS
391,123545,118825,2023-12-26 19:25:00,organic,3,1,36,Azerbaijan,Baku,iOS
392,124655,125414,2023-12-26 19:25:00,organic,1,1,16,Russia,Saint Petersburg,Android
393,15432,121104,2023-12-26 19:25:01,ads,1,1,24,Russia,Moscow,Android
394,18876,125946,2023-12-26 19:25:01,ads,4,0,15,Russia,Voronezh,iOS
395,19821,121459,2023-12-26 19:25:01,ads,4,1,52,Russia,Valerik,iOS
396,108080,121459,2023-12-26 19:25:01,organic,3,1,36,Russia,Moscow,Android
397,16256,113426,2023-12-26 19:25:02,ads,1,0,15,Russia,Krasnyy Sulin,Android
398,120764,123590,2023-12-26 19:25:02,organic,4,1,22,Russia,Moscow,iOS
399,123416,117705,2023-12-26 19:25:03,organic,1,0,25,Russia,Zasechnoye,iOS
400,124147,10525,2023-12-26 19:25:03,organic,4,1,21,Russia,Zarechnyy,Android
401,124655,122762,2023-12-26 19:25:03,organic,1,1,16,Russia,Saint Petersburg,Android
402,125253,121096,2023-12-26 19:25:03,organic,3,1,25,Ukraine,Donetsk,Android
403,17121,18871,2023-12-26 19:25:04,ads,3,1,22,Russia,Shatrovo,Android
404,19059,5566,2023-12-26 19:25:04,ads,0,0,14,Russia,Barnaul,Android
405,123416,5289,2023-12-26 19:25:04,organic,1,0,25,Russia,Zasechnoye,iOS
406,125253,121996,2023-12-26 19:25:04,organic,3,1,25,Ukraine,Donetsk,Android
407,126046,8706,2023-12-26 19:25:04,organic,1,0,27,Russia,Vorkuta,Android
408,126503,121455,2023-12-26 19:25:04,organic,0,1,16,Russia,Ryazan,Android
409,123545,118825,2023-12-26 19:27:06,organic,3,1,36,Azerbaijan,Baku,iOS
410,16969,121459,2023-12-26 19:30:00,ads,3,0,38,Russia,Dmitrov,Android
411,19330,12298,2023-12-26 19:30:00,ads,4,1,24,Russia,Saint Petersburg,Android
412,19410,17787,2023-12-26 19:30:00,ads,0,0,16,Russia,Zaval’noye,Android
413,19539,117044,2023-12-26 19:30:00,ads,1,1,33,Russia,Vologda,Android
414,121996,108042,2023-12-26 19:30:00,organic,1,0,17,Russia,Luga,Android
415,126503,124870,2023-12-26 19:30:00,organic,0,1,16,Russia,Ryazan,Android
416,16969,121459,2023-12-26 19:30:01,ads,3,0,38,Russia,Dmitrov,Android
417,17217,120540,2023-12-26 19:30:01,ads,3,1,17,Russia,Volgograd,iOS
418,19539,114488,2023-12-26 19:30:01,ads,1,1,33,Russia,Vologda,Android
419,19715,108487,2023-12-26 19:30:01,ads,4,0,21,Ukraine,Boryslav,Android
420,126190,123584,2023-12-26 19:30:01,organic,3,0,22,Russia,Shelekhov,Android
421,15432,10806,2023-12-26 19:30:02,ads,1,1,24,Russia,Moscow,Android
422,15583,13740,2023-12-26 19:30:02,ads,2,1,26,Ukraine,Odesa,iOS
423,16256,109088,2023-12-26 19:30:02,ads,1,0,15,Russia,Krasnyy Sulin,Android
424,17501,121459,2023-12-26 19:30:02,ads,0,0,46,Ukraine,Cherkasy,Android
425,124744,113487,2023-12-26 19:30:02,organic,0,0,17,Russia,Ivanteyevka,iOS
426,125946,18275,2023-12-26 19:30:02,organic,2,1,14,Russia,Aznakayevo,Android
427,17265,121459,2023-12-26 19:30:03,ads,4,0,47,Belarus,Minsk,iOS
428,18955,123710,2023-12-26 19:30:03,ads,2,1,31,Russia,Saint Petersburg,Android
429,19493,122762,2023-12-26 19:30:03,ads,1,0,23,Russia,Moscow,Android
430,108080,121459,2023-12-26 19:30:03,organic,3,1,36,Russia,Moscow,Android
431,121898,123577,2023-12-26 19:30:03,organic,1,0,30,Russia,Kursk,Android
432,124983,118825,2023-12-26 19:30:03,organic,4,0,55,Russia,Berëzovskiy,Android
433,125253,112856,2023-12-26 19:30:03,organic,3,1,25,Ukraine,Donetsk,Android
434,13419,3724,2023-12-26 19:30:04,ads,4,1,23,Russia,Novorossiysk,iOS
435,16378,18876,2023-12-26 19:30:04,ads,0,1,17,Russia,Sovetskaya Gavan’,Android
436,16969,118825,2023-12-26 19:30:04,ads,3,0,38,Russia,Dmitrov,Android
437,18285,125946,2023-12-26 19:30:04,ads,3,1,14,Russia,Kemerovo,iOS
438,108080,118825,2023-12-26 19:30:04,organic,3,1,36,Russia,Moscow,Android
439,124983,118825,2023-12-26 19:30:04,organic,4,0,55,Russia,Berëzovskiy,Android
440,126190,122762,2023-12-26 19:30:04,organic,3,0,22,Russia,Shelekhov,Android
441,124655,10840,2023-12-26 19:30:52,organic,1,1,16,Russia,Saint Petersburg,Android
442,13419,124334,2023-12-26 19:35:00,ads,4,1,23,Russia,Novorossiysk,iOS
443,17501,121459,2023-12-26 19:35:00,ads,0,0,46,Ukraine,Cherkasy,Android
444,18285,120540,2023-12-26 19:35:00,ads,3,1,14,Russia,Kemerovo,iOS
445,116849,122679,2023-12-26 19:35:01,organic,4,0,22,Russia,Pokhvistnevo,Android
446,126691,123839,2023-12-26 19:35:01,organic,0,1,17,Russia,Nizhnevartovsk,Android
447,13419,115807,2023-12-26 19:35:02,ads,4,1,23,Russia,Novorossiysk,iOS
448,14443,16717,2023-12-26 19:35:02,ads,4,0,16,Russia,Yelizovo,iOS
449,19330,13740,2023-12-26 19:35:02,ads,4,1,24,Russia,Saint Petersburg,Android
450,20014,118825,2023-12-26 19:35:02,ads,1,0,38,Russia,Surgut,Android
451,126190,115066,2023-12-26 19:35:03,organic,3,0,22,Russia,Shelekhov,Android
452,19759,118825,2023-12-26 19:35:04,ads,4,1,41,Russia,Novosibirsk,Android
453,124870,16215,2023-12-26 19:35:04,organic,4,0,21,Kazakhstan,Mangghystaū,Android
454,125087,121459,2023-12-26 19:35:04,organic,3,1,34,Russia,Chelyabinsk,Android
455,126503,14958,2023-12-26 19:35:04,organic,0,1,16,Russia,Ryazan,Android
456,18285,13379,2023-12-26 19:40:00,ads,3,1,14,Russia,Kemerovo,iOS
457,18862,118825,2023-12-26 19:40:00,ads,1,1,36,Russia,Dobryanka,Android
458,123416,121898,2023-12-26 19:40:00,organic,1,0,25,Russia,Zasechnoye,iOS
459,124696,113767,2023-12-26 19:40:00,organic,0,1,21,Russia,Moscow,Android
460,12651,16741,2023-12-26 19:40:01,ads,2,1,33,Russia,Chernogorsk,Android
461,14071,16717,2023-12-26 19:40:01,ads,0,1,29,Russia,Shuya,iOS
462,16969,121459,2023-12-26 19:40:01,ads,3,0,38,Russia,Dmitrov,Android
463,20014,121459,2023-12-26 19:40:01,ads,1,0,38,Russia,Surgut,Android
464,123839,16215,2023-12-26 19:40:01,organic,1,1,23,Russia,Cheboksary,Android
465,124394,123756,2023-12-26 19:40:01,organic,0,0,22,Russia,Gorno-Altaysk,Android
466,124744,125946,2023-12-26 19:40:01,organic,0,0,17,Russia,Ivanteyevka,iOS
467,16969,121459,2023-12-26 19:40:02,ads,3,0,38,Russia,Dmitrov,Android
468,17217,109915,2023-12-26 19:40:02,ads,3,1,17,Russia,Volgograd,iOS
469,124696,10544,2023-12-26 19:40:02,organic,0,1,21,Russia,Moscow,Android
470,17217,3857,2023-12-26 19:40:03,ads,3,1,17,Russia,Volgograd,iOS
471,19330,121747,2023-12-26 19:40:03,ads,4,1,24,Russia,Saint Petersburg,Android
472,121939,18955,2023-12-26 19:40:03,organic,2,0,32,Russia,Verkhniy Tagil,iOS
473,124394,107038,2023-12-26 19:40:04,organic,0,0,22,Russia,Gorno-Altaysk,Android
474,124696,16128,2023-12-26 19:40:04,organic,0,1,21,Russia,Moscow,Android
475,16969,121459,2023-12-26 19:45:00,ads,3,0,38,Russia,Dmitrov,Android
476,20014,121459,2023-12-26 19:45:00,ads,1,0,38,Russia,Surgut,Android
477,120764,124483,2023-12-26 19:45:00,organic,4,1,22,Russia,Moscow,iOS
478,123905,12037,2023-12-26 19:45:00,organic,2,1,16,Russia,Saransk,Android
479,126190,125253,2023-12-26 19:45:00,organic,3,0,22,Russia,Shelekhov,Android
480,124942,124291,2023-12-26 19:45:01,organic,3,0,22,Russia,Yaroslavl,Android
481,126190,17121,2023-12-26 19:45:01,organic,3,0,22,Russia,Shelekhov,Android
482,17265,118825,2023-12-26 19:45:02,ads,4,0,47,Belarus,Minsk,iOS
483,124983,118825,2023-12-26 19:45:02,organic,4,0,55,Russia,Berëzovskiy,Android
484,11523,112329,2023-12-26 19:45:03,ads,3,0,30,Ukraine,Slavutych,Android
485,13419,107038,2023-12-26 19:45:03,ads,4,1,23,Russia,Novorossiysk,iOS
486,126691,19330,2023-12-26 19:45:03,organic,0,1,17,Russia,Nizhnevartovsk,Android
487,12651,16969,2023-12-26 19:45:04,ads,2,1,33,Russia,Chernogorsk,Android
488,16969,121459,2023-12-26 19:45:04,ads,3,0,38,Russia,Dmitrov,Android
489,19715,10525,2023-12-26 19:45:04,ads,4,0,21,Ukraine,Boryslav,Android
490,124942,124334,2023-12-26 19:45:04,organic,3,0,22,Russia,Yaroslavl,Android
491,118729,2910,2023-12-26 19:49:30,organic,0,1,24,Russia,Novosibirsk,iOS
492,17501,121459,2023-12-26 19:50:00,ads,0,0,46,Ukraine,Cherkasy,Android
493,19493,119448,2023-12-26 19:50:00,ads,1,0,23,Russia,Moscow,Android
494,124655,111472,2023-12-26 19:50:00,organic,1,1,16,Russia,Saint Petersburg,Android
495,124744,123045,2023-12-26 19:50:00,organic,0,0,17,Russia,Ivanteyevka,iOS
496,116404,118470,2023-12-26 19:50:01,organic,4,1,17,Russia,Barnaul,iOS
497,124870,124942,2023-12-26 19:50:01,organic,4,0,21,Kazakhstan,Mangghystaū,Android
498,124983,121459,2023-12-26 19:50:01,organic,4,0,55,Russia,Berëzovskiy,Android
499,10525,121455,2023-12-26 19:50:02,ads,1,0,20,Russia,Armavir,iOS
500,17265,121459,2023-12-26 19:50:02,ads,4,0,47,Belarus,Minsk,iOS
501,19715,122915,2023-12-26 19:50:02,ads,4,0,21,Ukraine,Boryslav,Android
502,19759,118825,2023-12-26 19:50:02,ads,4,1,41,Russia,Novosibirsk,Android
503,20014,118825,2023-12-26 19:50:02,ads,1,0,38,Russia,Surgut,Android
504,2735,16215,2023-12-26 19:50:03,ads,2,0,24,Russia,Moscow,Android
505,17066,8968,2023-12-26 19:50:03,ads,0,1,19,Russia,Verkhnyaya Pyshma,iOS
506,9070,19138,2023-12-26 19:50:04,ads,3,0,24,Russia,Ostashkov,Android
507,13419,122915,2023-12-26 19:50:04,ads,4,1,23,Russia,Novorossiysk,iOS
508,16256,126503,2023-12-26 19:50:04,ads,1,0,15,Russia,Krasnyy Sulin,Android
509,123416,121898,2023-12-26 19:50:04,organic,1,0,25,Russia,Zasechnoye,iOS
510,125389,113767,2023-12-26 19:50:04,organic,2,0,27,Russia,Novosibirsk,Android
511,19002,3234,2023-12-26 19:55:01,ads,0,1,21,Russia,Moscow,iOS
512,19205,123590,2023-12-26 19:55:01,ads,2,1,21,Russia,Moscow,Android
513,19578,121455,2023-12-26 19:55:01,ads,1,0,14,Ukraine,Kharkiv,Android
514,114769,124406,2023-12-26 19:55:01,organic,1,0,31,Russia,Novocherkassk,Android
515,17501,121459,2023-12-26 19:55:02,ads,0,0,46,Ukraine,Cherkasy,Android
516,18871,18202,2023-12-26 19:55:02,ads,2,1,29,Russia,Nizhniy Novgorod,Android
517,18955,121939,2023-12-26 19:55:02,ads,2,1,31,Russia,Saint Petersburg,Android
518,19002,124394,2023-12-26 19:55:02,ads,0,1,21,Russia,Moscow,iOS
519,126691,123839,2023-12-26 19:55:02,organic,0,1,17,Russia,Nizhnevartovsk,Android
520,18955,123685,2023-12-26 19:55:03,ads,2,1,31,Russia,Saint Petersburg,Android
521,123905,109088,2023-12-26 19:55:03,organic,2,1,16,Russia,Saransk,Android
522,125253,116336,2023-12-26 19:55:03,organic,3,1,25,Ukraine,Donetsk,Android
523,18871,12298,2023-12-26 19:55:04,ads,2,1,29,Russia,Nizhniy Novgorod,Android
524,123416,124060,2023-12-26 19:58:35,organic,1,0,25,Russia,Zasechnoye,iOS
525,2735,121622,2023-12-26 20:00:00,ads,2,0,24,Russia,Moscow,Android
526,19493,121321,2023-12-26 20:00:00,ads,1,0,23,Russia,Moscow,Android
527,19821,118825,2023-12-26 20:00:00,ads,4,1,52,Russia,Valerik,iOS
528,125389,119448,2023-12-26 20:00:00,organic,2,0,27,Russia,Novosibirsk,Android
529,125946,12500,2023-12-26 20:00:00,organic,2,1,14,Russia,Aznakayevo,Android
530,15583,11523,2023-12-26 20:00:01,ads,2,1,26,Ukraine,Odesa,iOS
531,108080,121459,2023-12-26 20:00:01,organic,3,1,36,Russia,Moscow,Android
532,108080,118825,2023-12-26 20:00:02,organic,3,1,36,Russia,Moscow,Android
533,17066,8886,2023-12-26 20:00:03,ads,0,1,19,Russia,Verkhnyaya Pyshma,iOS
534,19330,121939,2023-12-26 20:00:03,ads,4,1,24,Russia,Saint Petersburg,Android
535,114769,18955,2023-12-26 20:00:03,organic,1,0,31,Russia,Novocherkassk,Android
536,121898,19710,2023-12-26 20:00:03,organic,1,0,30,Russia,Kursk,Android
537,12651,121939,2023-12-26 20:00:04,ads,2,1,33,Russia,Chernogorsk,Android
538,16969,118825,2023-12-26 20:00:04,ads,3,0,38,Russia,Dmitrov,Android
539,17217,17066,2023-12-26 20:00:04,ads,3,1,17,Russia,Volgograd,iOS
540,19821,121459,2023-12-26 20:00:04,ads,4,1,52,Russia,Valerik,iOS
541,19002,19059,2023-12-26 20:02:51,ads,0,1,21,Russia,Moscow,iOS
542,18871,121898,2023-12-26 20:05:00,ads,2,1,29,Russia,Nizhniy Novgorod,Android
543,20014,121459,2023-12-26 20:05:00,ads,1,0,38,Russia,Surgut,Android
544,15432,3724,2023-12-26 20:05:01,ads,1,1,24,Russia,Moscow,Android
545,114769,109200,2023-12-26 20:05:01,organic,1,0,31,Russia,Novocherkassk,Android
546,9070,118825,2023-12-26 20:05:02,ads,3,0,24,Russia,Ostashkov,Android
547,17501,121459,2023-12-26 20:05:02,ads,0,0,46,Ukraine,Cherkasy,Android
548,19715,13419,2023-12-26 20:05:02,ads,4,0,21,Ukraine,Boryslav,Android
549,125253,123685,2023-12-26 20:05:02,organic,3,1,25,Ukraine,Donetsk,Android
550,19059,121061,2023-12-26 20:05:03,ads,0,0,14,Russia,Barnaul,Android
551,116849,113454,2023-12-26 20:05:03,organic,4,0,22,Russia,Pokhvistnevo,Android
552,15583,4894,2023-12-26 20:05:04,ads,2,1,26,Ukraine,Odesa,iOS
553,16378,111472,2023-12-26 20:05:04,ads,0,1,17,Russia,Sovetskaya Gavan’,Android
554,16969,118825,2023-12-26 20:05:04,ads,3,0,38,Russia,Dmitrov,Android
555,19205,121687,2023-12-26 20:05:04,ads,2,1,21,Russia,Moscow,Android
556,19578,8968,2023-12-26 20:05:04,ads,1,0,14,Ukraine,Kharkiv,Android
557,118729,17066,2023-12-26 20:05:04,organic,0,1,24,Russia,Novosibirsk,iOS
558,124983,118825,2023-12-26 20:05:04,organic,4,0,55,Russia,Berëzovskiy,Android
559,2735,10892,2023-12-26 20:10:00,ads,2,0,24,Russia,Moscow,Android
560,20014,118825,2023-12-26 20:10:00,ads,1,0,38,Russia,Surgut,Android
561,125389,116170,2023-12-26 20:10:00,organic,2,0,27,Russia,Novosibirsk,Android
562,125389,121430,2023-12-26 20:10:00,organic,2,0,27,Russia,Novosibirsk,Android
563,125946,122679,2023-12-26 20:10:00,organic,2,1,14,Russia,Aznakayevo,Android
564,13419,118904,2023-12-26 20:10:01,ads,4,1,23,Russia,Novorossiysk,iOS
565,19205,114769,2023-12-26 20:10:01,ads,2,1,21,Russia,Moscow,Android
566,108080,121459,2023-12-26 20:10:01,organic,3,1,36,Russia,Moscow,Android
567,124942,112487,2023-12-26 20:10:01,organic,3,0,22,Russia,Yaroslavl,Android
568,12651,16741,2023-12-26 20:10:02,ads,2,1,33,Russia,Chernogorsk,Android
569,120764,3234,2023-12-26 20:10:02,organic,4,1,22,Russia,Moscow,iOS
570,124983,118825,2023-12-26 20:10:02,organic,4,0,55,Russia,Berëzovskiy,Android
571,125946,13379,2023-12-26 20:10:02,organic,2,1,14,Russia,Aznakayevo,Android
572,10525,108110,2023-12-26 20:10:03,ads,1,0,20,Russia,Armavir,iOS
573,19410,114141,2023-12-26 20:10:03,ads,0,0,16,Russia,Zaval’noye,Android
574,19493,19410,2023-12-26 20:10:03,ads,1,0,23,Russia,Moscow,Android
575,19759,118825,2023-12-26 20:10:03,ads,4,1,41,Russia,Novosibirsk,Android
576,124147,11576,2023-12-26 20:10:03,organic,4,1,21,Russia,Zarechnyy,Android
577,124655,118904,2023-12-26 20:10:03,organic,1,1,16,Russia,Saint Petersburg,Android
578,124808,112931,2023-12-26 20:10:03,organic,3,1,18,Russia,Zarechnyy,Android
579,121939,109200,2023-12-26 20:10:04,organic,2,0,32,Russia,Verkhniy Tagil,iOS
580,18871,121959,2023-12-26 20:10:50,ads,2,1,29,Russia,Nizhniy Novgorod,Android
581,20014,118825,2023-12-26 20:10:59,ads,1,0,38,Russia,Surgut,Android
582,9070,19330,2023-12-26 20:15:00,ads,3,0,24,Russia,Ostashkov,Android
583,19493,114141,2023-12-26 20:15:00,ads,1,0,23,Russia,Moscow,Android
584,116404,118904,2023-12-26 20:15:00,organic,4,1,17,Russia,Barnaul,iOS
585,124147,123756,2023-12-26 20:15:01,organic,4,1,21,Russia,Zarechnyy,Android
586,10145,118825,2023-12-26 20:15:02,ads,1,1,42,Russia,Moscow,iOS
587,17265,121459,2023-12-26 20:15:02,ads,4,0,47,Belarus,Minsk,iOS
588,19821,121459,2023-12-26 20:15:02,ads,4,1,52,Russia,Valerik,iOS
589,10525,125414,2023-12-26 20:15:03,ads,1,0,20,Russia,Armavir,iOS
590,16378,12500,2023-12-26 20:15:04,ads,0,1,17,Russia,Sovetskaya Gavan’,Android
591,17265,121459,2023-12-26 20:15:04,ads,4,0,47,Belarus,Minsk,iOS
592,123545,121459,2023-12-26 20:15:04,organic,3,1,36,Azerbaijan,Baku,iOS
593,126046,116170,2023-12-26 20:15:04,organic,1,0,27,Russia,Vorkuta,Android
594,9070,125253,2023-12-26 20:20:00,ads,3,0,24,Russia,Ostashkov,Android
595,10544,14941,2023-12-26 20:20:00,ads,1,0,23,Ukraine,Vinnytsia,Android
596,13419,12589,2023-12-26 20:20:00,ads,4,1,23,Russia,Novorossiysk,iOS
597,17066,18275,2023-12-26 20:20:00,ads,0,1,19,Russia,Verkhnyaya Pyshma,iOS
598,17265,118825,2023-12-26 20:20:00,ads,4,0,47,Belarus,Minsk,iOS
599,114769,107135,2023-12-26 20:20:00,organic,1,0,31,Russia,Novocherkassk,Android
600,120764,126046,2023-12-26 20:20:00,organic,4,1,22,Russia,Moscow,iOS
601,124655,13548,2023-12-26 20:20:00,organic,1,1,16,Russia,Saint Petersburg,Android
602,14071,119448,2023-12-26 20:20:01,ads,0,1,29,Russia,Shuya,iOS
603,18876,121687,2023-12-26 20:20:01,ads,4,0,15,Russia,Voronezh,iOS
604,120796,121459,2023-12-26 20:20:01,organic,3,1,49,Russia,Orsk,Android
605,123416,16508,2023-12-26 20:20:01,organic,1,0,25,Russia,Zasechnoye,iOS
606,123839,19002,2023-12-26 20:20:01,organic,1,1,23,Russia,Cheboksary,Android
607,5197,17787,2023-12-26 20:20:02,ads,1,0,19,Russia,Ussuriysk,iOS
608,17066,123416,2023-12-26 20:20:02,ads,0,1,19,Russia,Verkhnyaya Pyshma,iOS
609,17501,121459,2023-12-26 20:20:02,ads,0,0,46,Ukraine,Cherkasy,Android
610,18285,13379,2023-12-26 20:20:02,ads,3,1,14,Russia,Kemerovo,iOS
611,18955,12651,2023-12-26 20:20:02,ads,2,1,31,Russia,Saint Petersburg,Android
612,19493,121959,2023-12-26 20:20:02,ads,1,0,23,Russia,Moscow,Android
613,125389,18862,2023-12-26 20:20:02,organic,2,0,27,Russia,Novosibirsk,Android
614,124942,118825,2023-12-26 20:20:03,organic,3,0,22,Russia,Yaroslavl,Android
615,5197,16256,2023-12-26 20:25:00,ads,1,0,19,Russia,Ussuriysk,iOS
616,12651,111593,2023-12-26 20:25:00,ads,2,1,33,Russia,Chernogorsk,Android
617,16378,118470,2023-12-26 20:25:00,ads,0,1,17,Russia,Sovetskaya Gavan’,Android
618,19539,14941,2023-12-26 20:25:01,ads,1,1,33,Russia,Vologda,Android
619,123416,113454,2023-12-26 20:25:01,organic,1,0,25,Russia,Zasechnoye,iOS
620,18871,12651,2023-12-26 20:25:02,ads,2,1,29,Russia,Nizhniy Novgorod,Android
621,124744,17217,2023-12-26 20:25:02,organic,0,0,17,Russia,Ivanteyevka,iOS
622,11523,18955,2023-12-26 20:25:03,ads,3,0,30,Ukraine,Slavutych,Android
623,125389,113172,2023-12-26 20:25:03,organic,2,0,27,Russia,Novosibirsk,Android
624,19205,123756,2023-12-26 20:25:04,ads,2,1,21,Russia,Moscow,Android
625,116849,113454,2023-12-26 20:25:04,organic,4,0,22,Russia,Pokhvistnevo,Android
626,14443,116441,2023-12-26 20:30:00,ads,4,0,16,Russia,Yelizovo,iOS
627,17121,19539,2023-12-26 20:30:00,ads,3,1,22,Russia,Shatrovo,Android
628,19059,125946,2023-12-26 20:30:00,ads,0,0,14,Russia,Barnaul,Android
629,121939,12566,2023-12-26 20:30:00,organic,2,0,32,Russia,Verkhniy Tagil,iOS
630,18955,16969,2023-12-26 20:30:01,ads,2,1,31,Russia,Saint Petersburg,Android
631,121898,123545,2023-12-26 20:30:01,organic,1,0,30,Russia,Kursk,Android
632,124942,113767,2023-12-26 20:30:01,organic,3,0,22,Russia,Yaroslavl,Android
633,18871,111593,2023-12-26 20:30:02,ads,2,1,29,Russia,Nizhniy Novgorod,Android
634,18955,121430,2023-12-26 20:30:02,ads,2,1,31,Russia,Saint Petersburg,Android
635,19002,116102,2023-12-26 20:30:02,ads,0,1,21,Russia,Moscow,iOS
636,114769,18955,2023-12-26 20:30:02,organic,1,0,31,Russia,Novocherkassk,Android
637,121898,9070,2023-12-26 20:30:02,organic,1,0,30,Russia,Kursk,Android
638,2735,19539,2023-12-26 20:30:03,ads,2,0,24,Russia,Moscow,Android
639,19821,121459,2023-12-26 20:30:03,ads,4,1,52,Russia,Valerik,iOS
640,124983,121459,2023-12-26 20:30:03,organic,4,0,55,Russia,Berëzovskiy,Android
641,18275,116102,2023-12-26 20:30:04,ads,1,0,20,Russia,Pavlovo,Android
642,118729,119448,2023-12-26 20:31:10,organic,0,1,24,Russia,Novosibirsk,iOS
643,19759,118825,2023-12-26 20:35:00,ads,4,1,41,Russia,Novosibirsk,Android
644,116849,19002,2023-12-26 20:35:00,organic,4,0,22,Russia,Pokhvistnevo,Android
645,9070,126190,2023-12-26 20:35:02,ads,3,0,24,Russia,Ostashkov,Android
646,16969,121459,2023-12-26 20:35:02,ads,3,0,38,Russia,Dmitrov,Android
647,18275,8667,2023-12-26 20:35:02,ads,1,0,20,Russia,Pavlovo,Android
648,9070,125043,2023-12-26 20:35:03,ads,3,0,24,Russia,Ostashkov,Android
649,19759,118825,2023-12-26 20:35:03,ads,4,1,41,Russia,Novosibirsk,Android
650,125946,121687,2023-12-26 20:35:03,organic,2,1,14,Russia,Aznakayevo,Android
651,9070,109088,2023-12-26 20:35:04,ads,3,0,24,Russia,Ostashkov,Android
652,15583,5289,2023-12-26 20:35:04,ads,2,1,26,Ukraine,Odesa,iOS
653,124655,3724,2023-12-26 20:35:04,organic,1,1,16,Russia,Saint Petersburg,Android
654,126190,116102,2023-12-26 20:35:04,organic,3,0,22,Russia,Shelekhov,Android
655,126046,10813,2023-12-26 20:38:29,organic,1,0,27,Russia,Vorkuta,Android
656,15432,9070,2023-12-26 20:40:00,ads,1,1,24,Russia,Moscow,Android
657,19138,123584,2023-12-26 20:40:00,ads,3,0,25,Russia,Khimki,Android
658,19330,126046,2023-12-26 20:40:00,ads,4,1,24,Russia,Saint Petersburg,Android
659,125087,121459,2023-12-26 20:40:00,organic,3,1,34,Russia,Chelyabinsk,Android
660,17066,5566,2023-12-26 20:40:01,ads,0,1,19,Russia,Verkhnyaya Pyshma,iOS
661,126046,112856,2023-12-26 20:40:01,organic,1,0,27,Russia,Vorkuta,Android
662,19578,118825,2023-12-26 20:40:02,ads,1,0,14,Ukraine,Kharkiv,Android
663,108080,121459,2023-12-26 20:40:02,organic,3,1,36,Russia,Moscow,Android
664,120764,12589,2023-12-26 20:40:02,organic,4,1,22,Russia,Moscow,iOS
665,123545,121459,2023-12-26 20:40:02,organic,3,1,36,Azerbaijan,Baku,iOS
666,10145,121459,2023-12-26 20:40:03,ads,1,1,42,Russia,Moscow,iOS
667,10525,115171,2023-12-26 20:40:03,ads,1,0,20,Russia,Armavir,iOS
668,12651,16741,2023-12-26 20:40:03,ads,2,1,33,Russia,Chernogorsk,Android
669,18876,116441,2023-12-26 20:40:03,ads,4,0,15,Russia,Voronezh,iOS
670,19138,16128,2023-12-26 20:40:04,ads,3,0,25,Russia,Khimki,Android
671,108080,121459,2023-12-26 20:40:04,organic,3,1,36,Russia,Moscow,Android
672,120796,121459,2023-12-26 20:40:04,organic,3,1,49,Russia,Orsk,Android
673,124808,12037,2023-12-26 20:40:04,organic,3,1,18,Russia,Zarechnyy,Android
674,124942,18275,2023-12-26 20:40:04,organic,3,0,22,Russia,Yaroslavl,Android
675,15583,12500,2023-12-26 20:45:00,ads,2,1,26,Ukraine,Odesa,iOS
676,19059,121687,2023-12-26 20:45:00,ads,0,0,14,Russia,Barnaul,Android
677,121898,123577,2023-12-26 20:45:00,organic,1,0,30,Russia,Kursk,Android
678,124394,107610,2023-12-26 20:45:00,organic,0,0,22,Russia,Gorno-Altaysk,Android
679,125946,121455,2023-12-26 20:45:00,organic,2,1,14,Russia,Aznakayevo,Android
680,16378,9320,2023-12-26 20:45:01,ads,0,1,17,Russia,Sovetskaya Gavan’,Android
681,19002,112329,2023-12-26 20:45:01,ads,0,1,21,Russia,Moscow,iOS
682,19410,110104,2023-12-26 20:45:01,ads,0,0,16,Russia,Zaval’noye,Android
683,118729,123905,2023-12-26 20:45:01,organic,0,1,24,Russia,Novosibirsk,iOS
684,124655,124483,2023-12-26 20:45:01,organic,1,1,16,Russia,Saint Petersburg,Android
685,12651,16969,2023-12-26 20:45:02,ads,2,1,33,Russia,Chernogorsk,Android
686,13419,19138,2023-12-26 20:45:02,ads,4,1,23,Russia,Novorossiysk,iOS
687,17501,121459,2023-12-26 20:45:02,ads,0,0,46,Ukraine,Cherkasy,Android
688,19002,13548,2023-12-26 20:45:03,ads,0,1,21,Russia,Moscow,iOS
689,20014,118825,2023-12-26 20:45:03,ads,1,0,38,Russia,Surgut,Android
690,118729,15583,2023-12-26 20:45:03,organic,0,1,24,Russia,Novosibirsk,iOS
691,124808,113454,2023-12-26 20:45:03,organic,3,1,18,Russia,Zarechnyy,Android
692,19821,118825,2023-12-26 20:50:00,ads,4,1,52,Russia,Valerik,iOS
693,125253,122747,2023-12-26 20:50:00,organic,3,1,25,Ukraine,Donetsk,Android
694,5197,19002,2023-12-26 20:50:01,ads,1,0,19,Russia,Ussuriysk,iOS
695,15432,11523,2023-12-26 20:50:01,ads,1,1,24,Russia,Moscow,Android
696,116849,124483,2023-12-26 20:50:01,organic,4,0,22,Russia,Pokhvistnevo,Android
697,15583,108729,2023-12-26 20:50:02,ads,2,1,26,Ukraine,Odesa,iOS
698,121898,122747,2023-12-26 20:50:02,organic,1,0,30,Russia,Kursk,Android
699,9070,126046,2023-12-26 20:50:03,ads,3,0,24,Russia,Ostashkov,Android
700,17121,123862,2023-12-26 20:50:03,ads,3,1,22,Russia,Shatrovo,Android
701,110618,124394,2023-12-26 20:50:03,organic,4,1,18,Ukraine,Kamianske,iOS
702,124942,19002,2023-12-26 20:50:03,organic,3,0,22,Russia,Yaroslavl,Android
703,125087,121459,2023-12-26 20:50:03,organic,3,1,34,Russia,Chelyabinsk,Android
704,116404,12037,2023-12-26 20:50:04,organic,4,1,17,Russia,Barnaul,iOS
705,120764,124394,2023-12-26 20:50:04,organic,4,1,22,Russia,Moscow,iOS
706,124147,121622,2023-12-26 20:50:04,organic,4,1,21,Russia,Zarechnyy,Android
707,17501,121459,2023-12-26 20:51:34,ads,0,0,46,Ukraine,Cherkasy,Android
708,19138,120470,2023-12-26 20:55:00,ads,3,0,25,Russia,Khimki,Android
709,123839,123710,2023-12-26 20:55:00,organic,1,1,23,Russia,Cheboksary,Android
710,13419,119448,2023-12-26 20:55:01,ads,4,1,23,Russia,Novorossiysk,iOS
711,14443,17217,2023-12-26 20:55:01,ads,4,0,16,Russia,Yelizovo,iOS
712,15583,5289,2023-12-26 20:55:01,ads,2,1,26,Ukraine,Odesa,iOS
713,126691,3857,2023-12-26 20:55:01,organic,0,1,17,Russia,Nizhnevartovsk,Android
714,18275,14941,2023-12-26 20:55:02,ads,1,0,20,Russia,Pavlovo,Android
715,124983,118825,2023-12-26 20:55:02,organic,4,0,55,Russia,Berëzovskiy,Android
716,12651,114488,2023-12-26 20:55:03,ads,2,1,33,Russia,Chernogorsk,Android
717,18862,118825,2023-12-26 20:55:03,ads,1,1,36,Russia,Dobryanka,Android
718,120764,16215,2023-12-26 20:55:03,organic,4,1,22,Russia,Moscow,iOS
719,125946,112108,2023-12-26 20:55:03,organic,2,1,14,Russia,Aznakayevo,Android
720,126691,123590,2023-12-26 20:55:03,organic,0,1,17,Russia,Nizhnevartovsk,Android
721,2735,2622,2023-12-26 20:55:04,ads,2,0,24,Russia,Moscow,Android
722,9070,17151,2023-12-26 20:55:04,ads,3,0,24,Russia,Ostashkov,Android
723,14443,113426,2023-12-26 20:55:04,ads,4,0,16,Russia,Yelizovo,iOS
724,15432,123839,2023-12-26 20:55:04,ads,1,1,24,Russia,Moscow,Android
725,18862,121459,2023-12-26 20:55:04,ads,1,1,36,Russia,Dobryanka,Android
726,19330,12651,2023-12-26 20:55:04,ads,4,1,24,Russia,Saint Petersburg,Android
727,123839,12589,2023-12-26 20:55:04,organic,1,1,23,Russia,Cheboksary,Android
728,124983,121459,2023-12-26 20:55:04,organic,4,0,55,Russia,Berëzovskiy,Android
729,15432,110396,2023-12-26 21:00:00,ads,1,1,24,Russia,Moscow,Android
730,18285,18275,2023-12-26 21:00:00,ads,3,1,14,Russia,Kemerovo,iOS
731,124983,118825,2023-12-26 21:00:00,organic,4,0,55,Russia,Berëzovskiy,Android
732,108080,118825,2023-12-26 21:00:01,organic,3,1,36,Russia,Moscow,Android
733,17217,13419,2023-12-26 21:00:02,ads,3,1,17,Russia,Volgograd,iOS
734,18285,125946,2023-12-26 21:00:02,ads,3,1,14,Russia,Kemerovo,iOS
735,18955,117931,2023-12-26 21:00:02,ads,2,1,31,Russia,Saint Petersburg,Android
736,19330,121096,2023-12-26 21:00:02,ads,4,1,24,Russia,Saint Petersburg,Android
737,10145,118825,2023-12-26 21:00:03,ads,1,1,42,Russia,Moscow,iOS
738,110618,14851,2023-12-26 21:00:03,organic,4,1,18,Ukraine,Kamianske,iOS
739,116404,3857,2023-12-26 21:00:03,organic,4,1,17,Russia,Barnaul,iOS
740,118729,124291,2023-12-26 21:00:03,organic,0,1,24,Russia,Novosibirsk,iOS
741,16969,118825,2023-12-26 21:00:04,ads,3,0,38,Russia,Dmitrov,Android
742,124870,112487,2023-12-26 21:00:20,organic,4,0,21,Kazakhstan,Mangghystaū,Android
743,121996,121438,2023-12-26 21:01:38,organic,1,0,17,Russia,Luga,Android
744,123839,13548,2023-12-26 21:01:52,organic,1,1,23,Russia,Cheboksary,Android
745,18862,118825,2023-12-26 21:05:00,ads,1,1,36,Russia,Dobryanka,Android
746,19493,123584,2023-12-26 21:05:00,ads,1,0,23,Russia,Moscow,Android
747,110618,17787,2023-12-26 21:05:00,organic,4,1,18,Ukraine,Kamianske,iOS
748,125253,121939,2023-12-26 21:05:00,organic,3,1,25,Ukraine,Donetsk,Android
749,17217,19002,2023-12-26 21:05:01,ads,3,1,17,Russia,Volgograd,iOS
750,20014,118825,2023-12-26 21:05:01,ads,1,0,38,Russia,Surgut,Android
751,121996,122679,2023-12-26 21:05:01,organic,1,0,17,Russia,Luga,Android
752,125087,121459,2023-12-26 21:05:01,organic,3,1,34,Russia,Chelyabinsk,Android
753,2735,13548,2023-12-26 21:05:02,ads,2,0,24,Russia,Moscow,Android
754,17066,116102,2023-12-26 21:05:02,ads,0,1,19,Russia,Verkhnyaya Pyshma,iOS
755,18285,13379,2023-12-26 21:05:02,ads,3,1,14,Russia,Kemerovo,iOS
756,19138,115807,2023-12-26 21:05:02,ads,3,0,25,Russia,Khimki,Android
757,124147,18955,2023-12-26 21:05:02,organic,4,1,21,Russia,Zarechnyy,Android
758,17217,111027,2023-12-26 21:05:03,ads,3,1,17,Russia,Volgograd,iOS
759,17265,121459,2023-12-26 21:05:04,ads,4,0,47,Belarus,Minsk,iOS
760,2735,114141,2023-12-26 21:05:31,ads,2,0,24,Russia,Moscow,Android
761,17121,121622,2023-12-26 21:10:00,ads,3,1,22,Russia,Shatrovo,Android
762,18285,13379,2023-12-26 21:10:00,ads,3,1,14,Russia,Kemerovo,iOS
763,124808,121061,2023-12-26 21:10:00,organic,3,1,18,Russia,Zarechnyy,Android
764,17121,4894,2023-12-26 21:10:01,ads,3,1,22,Russia,Shatrovo,Android
765,19715,113426,2023-12-26 21:10:01,ads,4,0,21,Ukraine,Boryslav,Android
766,124808,124744,2023-12-26 21:10:01,organic,3,1,18,Russia,Zarechnyy,Android
767,126443,121459,2023-12-26 21:10:01,organic,2,1,39,Ukraine,Kherson,Android
768,10145,118825,2023-12-26 21:10:02,ads,1,1,42,Russia,Moscow,iOS
769,11523,7680,2023-12-26 21:10:02,ads,3,0,30,Ukraine,Slavutych,Android
770,20014,121459,2023-12-26 21:10:02,ads,1,0,38,Russia,Surgut,Android
771,124744,118470,2023-12-26 21:10:02,organic,0,0,17,Russia,Ivanteyevka,iOS
772,114769,18862,2023-12-26 21:10:03,organic,1,0,31,Russia,Novocherkassk,Android
773,108080,118825,2023-12-26 21:10:04,organic,3,1,36,Russia,Moscow,Android
774,108080,121459,2023-12-26 21:15:00,organic,3,1,36,Russia,Moscow,Android
775,121939,108644,2023-12-26 21:15:00,organic,2,0,32,Russia,Verkhniy Tagil,iOS
776,17501,121459,2023-12-26 21:15:01,ads,0,0,46,Ukraine,Cherkasy,Android
777,18871,14671,2023-12-26 21:15:01,ads,2,1,29,Russia,Nizhniy Novgorod,Android
778,5197,123756,2023-12-26 21:15:02,ads,1,0,19,Russia,Ussuriysk,iOS
779,18285,107167,2023-12-26 21:15:02,ads,3,1,14,Russia,Kemerovo,iOS
780,126503,124655,2023-12-26 21:15:02,organic,0,1,16,Russia,Ryazan,Android
781,18862,118825,2023-12-26 21:15:03,ads,1,1,36,Russia,Dobryanka,Android
782,114769,124406,2023-12-26 21:15:03,organic,1,0,31,Russia,Novocherkassk,Android
783,18862,118825,2023-12-26 21:15:04,ads,1,1,36,Russia,Dobryanka,Android
784,123905,122762,2023-12-26 21:15:04,organic,2,1,16,Russia,Saransk,Android
785,126190,123285,2023-12-26 21:15:04,organic,3,0,22,Russia,Shelekhov,Android
786,5197,108042,2023-12-26 21:20:00,ads,1,0,19,Russia,Ussuriysk,iOS
787,18871,17151,2023-12-26 21:20:00,ads,2,1,29,Russia,Nizhniy Novgorod,Android
788,110618,112856,2023-12-26 21:20:00,organic,4,1,18,Ukraine,Kamianske,iOS
789,121898,17286,2023-12-26 21:20:00,organic,1,0,30,Russia,Kursk,Android
790,125389,108729,2023-12-26 21:20:02,organic,2,0,27,Russia,Novosibirsk,Android
791,17501,121459,2023-12-26 21:20:03,ads,0,0,46,Ukraine,Cherkasy,Android
792,124696,125946,2023-12-26 21:20:03,organic,0,1,21,Russia,Moscow,Android
793,126443,118825,2023-12-26 21:20:03,organic,2,1,39,Ukraine,Kherson,Android
794,17217,124291,2023-12-26 21:20:04,ads,3,1,17,Russia,Volgograd,iOS
795,19002,122747,2023-12-26 21:20:04,ads,0,1,21,Russia,Moscow,iOS
796,5197,118825,2023-12-26 21:20:38,ads,1,0,19,Russia,Ussuriysk,iOS
797,12651,17885,2023-12-26 21:25:00,ads,2,1,33,Russia,Chernogorsk,Android
798,116404,111027,2023-12-26 21:25:00,organic,4,1,17,Russia,Barnaul,iOS
799,116849,5289,2023-12-26 21:25:01,organic,4,0,22,Russia,Pokhvistnevo,Android
800,17066,113767,2023-12-26 21:25:03,ads,0,1,19,Russia,Verkhnyaya Pyshma,iOS
801,19715,120540,2023-12-26 21:25:03,ads,4,0,21,Ukraine,Boryslav,Android
802,123839,3088,2023-12-26 21:25:03,organic,1,1,23,Russia,Cheboksary,Android
803,123905,2622,2023-12-26 21:25:03,organic,2,1,16,Russia,Saransk,Android
804,116849,113454,2023-12-26 21:25:04,organic,4,0,22,Russia,Pokhvistnevo,Android
805,121996,115147,2023-12-26 21:25:04,organic,1,0,17,Russia,Luga,Android
806,11523,19330,2023-12-26 21:30:00,ads,3,0,30,Ukraine,Slavutych,Android
807,15432,17570,2023-12-26 21:30:01,ads,1,1,24,Russia,Moscow,Android
808,17217,17066,2023-12-26 21:30:01,ads,3,1,17,Russia,Volgograd,iOS
809,19330,122915,2023-12-26 21:30:01,ads,4,1,24,Russia,Saint Petersburg,Android
810,121939,8886,2023-12-26 21:30:01,organic,2,0,32,Russia,Verkhniy Tagil,iOS
811,124942,112856,2023-12-26 21:30:02,organic,3,0,22,Russia,Yaroslavl,Android
812,126046,121061,2023-12-26 21:30:02,organic,1,0,27,Russia,Vorkuta,Android
813,126046,122915,2023-12-26 21:30:02,organic,1,0,27,Russia,Vorkuta,Android
814,16378,121061,2023-12-26 21:30:03,ads,0,1,17,Russia,Sovetskaya Gavan’,Android
815,124394,10806,2023-12-26 21:30:03,organic,0,0,22,Russia,Gorno-Altaysk,Android
816,124808,120764,2023-12-26 21:30:03,organic,3,1,18,Russia,Zarechnyy,Android
817,123416,108487,2023-12-26 21:35:00,organic,1,0,25,Russia,Zasechnoye,iOS
818,124147,19205,2023-12-26 21:35:00,organic,4,1,21,Russia,Zarechnyy,Android
819,125389,126190,2023-12-26 21:35:00,organic,2,0,27,Russia,Novosibirsk,Android
820,17501,121459,2023-12-26 21:35:01,ads,0,0,46,Ukraine,Cherkasy,Android
821,125253,116441,2023-12-26 21:35:01,organic,3,1,25,Ukraine,Donetsk,Android
822,19759,118825,2023-12-26 21:35:02,ads,4,1,41,Russia,Novosibirsk,Android
823,124744,118904,2023-12-26 21:35:02,organic,0,0,17,Russia,Ivanteyevka,iOS
824,12651,123710,2023-12-26 21:35:03,ads,2,1,33,Russia,Chernogorsk,Android
825,15432,109764,2023-12-26 21:35:04,ads,1,1,24,Russia,Moscow,Android
826,123545,121459,2023-12-26 21:37:27,organic,3,1,36,Azerbaijan,Baku,iOS
827,2077,7717,2023-12-26 21:40:00,ads,1,1,51,Russia,Moscow,Android
828,6345,116434,2023-12-26 21:40:00,ads,1,1,21,Russia,Irkutsk,Android
829,114233,14227,2023-12-26 21:40:00,organic,3,1,27,Russia,Myski,Android
830,126003,110327,2023-12-26 21:40:00,organic,0,1,42,Russia,Achinsk,Android
831,14026,9661,2023-12-26 21:40:02,ads,0,1,26,Russia,Perm,iOS
832,119029,110327,2023-12-26 21:40:02,organic,0,0,53,Azerbaijan,Beyləqan,Android
833,122424,6561,2023-12-26 21:40:02,organic,0,1,25,Russia,Lodeynoye Pole,Android
834,124684,14026,2023-12-26 21:40:02,organic,4,1,26,Russia,Uray,Android
835,14668,18079,2023-12-26 21:40:03,ads,3,0,49,Russia,Moscow,iOS
836,120079,2994,2023-12-26 21:40:03,organic,4,1,29,Russia,Sosenskiy,Android
837,125123,114233,2023-12-26 21:40:03,organic,4,0,26,Russia,Moscow,Android
838,15869,110216,2023-12-26 21:40:04,ads,1,1,26,Russia,Moscow,iOS
839,125511,2994,2023-12-26 21:40:04,organic,4,1,28,Russia,Berdsk,Android
840,16642,110327,2023-12-26 21:42:36,ads,4,1,38,Russia,Dmitrov,Android
841,2077,7717,2023-12-26 21:45:00,ads,1,1,51,Russia,Moscow,Android
842,6345,124813,2023-12-26 21:45:00,ads,1,1,21,Russia,Irkutsk,Android
843,14026,118814,2023-12-26 21:45:00,ads,0,1,26,Russia,Perm,iOS
844,18779,121573,2023-12-26 21:45:00,ads,4,0,35,Russia,Nizhniy Lomov,iOS
845,125252,122145,2023-12-26 21:45:00,organic,2,0,48,Russia,Domodedovo,iOS
846,126693,109764,2023-12-26 21:45:00,organic,0,0,26,Russia,Moscow,iOS
847,16419,15165,2023-12-26 21:45:02,ads,0,0,19,Russia,Glazov,iOS
848,16419,117264,2023-12-26 21:45:02,ads,0,0,19,Russia,Glazov,iOS
849,124082,7717,2023-12-26 21:45:03,organic,0,0,39,Russia,Syktyvkar,Android
850,125163,7717,2023-12-26 21:45:04,organic,4,1,55,Russia,Moscow,iOS
851,18931,126527,2023-12-26 21:50:00,ads,0,0,19,Ukraine,Rivne,Android
852,20094,7717,2023-12-26 21:50:00,ads,1,0,45,Russia,Volgograd,Android
853,11911,13396,2023-12-26 21:50:01,ads,3,1,25,Russia,Chelyabinsk,iOS
854,14476,110327,2023-12-26 21:50:01,ads,3,0,42,Russia,Saint Petersburg,Android
855,122424,120898,2023-12-26 21:50:02,organic,0,1,25,Russia,Lodeynoye Pole,Android
856,125368,110327,2023-12-26 21:50:02,organic,3,0,15,Russia,Yekaterinburg,Android
857,125843,12338,2023-12-26 21:50:02,organic,1,1,27,Russia,Kazan,Android
858,17703,126693,2023-12-26 21:50:03,ads,2,0,22,Russia,Baltiysk,Android
859,109908,110327,2023-12-26 21:50:03,organic,0,1,15,Russia,Perm,Android
860,17683,14102,2023-12-26 21:50:04,ads,4,0,33,Russia,Moscow,iOS
861,118158,112693,2023-12-26 21:50:04,organic,3,1,25,Russia,Yakutsk,Android
862,119521,7717,2023-12-26 21:50:04,organic,0,0,39,Russia,Mukhorshibir,iOS
863,113396,3652,2023-12-26 21:53:54,organic,2,0,24,Russia,Krasnoyarsk,Android
864,18836,7717,2023-12-26 21:55:00,ads,1,1,41,Belarus,Minsk,Android
865,120478,6561,2023-12-26 21:55:00,organic,1,1,30,Russia,Armavir,Android
866,14026,6561,2023-12-26 21:55:01,ads,0,1,26,Russia,Perm,iOS
867,19411,110327,2023-12-26 21:55:01,ads,2,0,16,Russia,Moscow,Android
868,120105,112316,2023-12-26 21:55:01,organic,3,0,22,Russia,Astrakhan,iOS
869,17454,4276,2023-12-26 21:55:02,ads,1,1,34,Russia,Izhevsk,Android
870,18836,7717,2023-12-26 21:55:02,ads,1,1,41,Belarus,Minsk,Android
871,19842,18163,2023-12-26 21:55:02,ads,1,0,32,Russia,Novosibirsk,iOS
872,125188,7717,2023-12-26 21:55:02,organic,4,1,40,Russia,Engels,Android
873,121493,15165,2023-12-26 21:55:03,organic,2,0,19,Russia,Tula,iOS
874,15869,118316,2023-12-26 21:55:04,ads,1,1,26,Russia,Moscow,iOS
875,126472,114630,2023-12-26 21:55:04,organic,1,1,34,Russia,Saint Petersburg,Android
876,19411,110327,2023-12-26 21:55:48,ads,2,0,16,Russia,Moscow,Android
877,14026,9231,2023-12-26 21:56:20,ads,0,1,26,Russia,Perm,iOS
878,123893,126693,2023-12-26 22:00:00,organic,4,1,22,Russia,Pskov,Android
879,6561,12338,2023-12-26 22:00:01,ads,1,1,29,Ukraine,Kamianske,Android
880,11992,17676,2023-12-26 22:00:02,ads,3,0,32,Russia,Sudogda,Android
881,109099,123286,2023-12-26 22:00:02,organic,0,0,21,Russia,Satka,iOS
882,124813,110082,2023-12-26 22:00:02,organic,1,1,23,Belarus,Baranavichy,Android
883,125368,110327,2023-12-26 22:00:02,organic,3,0,15,Russia,Yekaterinburg,Android
884,19308,110327,2023-12-26 22:00:03,ads,2,1,41,Russia,Meleuz,Android
885,113396,107647,2023-12-26 22:00:03,organic,2,0,24,Russia,Krasnoyarsk,Android
886,125878,110327,2023-12-26 22:00:03,organic,3,0,39,Russia,Surgut,iOS
887,14227,123049,2023-12-26 22:00:04,ads,1,1,34,Russia,Ussuriysk,iOS
888,15869,121499,2023-12-26 22:00:04,ads,1,1,26,Russia,Moscow,iOS
889,123893,121493,2023-12-26 22:00:04,organic,4,1,22,Russia,Pskov,Android
890,125878,110327,2023-12-26 22:00:04,organic,3,0,39,Russia,Surgut,iOS
891,16642,110327,2023-12-26 22:01:08,ads,4,1,38,Russia,Dmitrov,Android
892,3209,110327,2023-12-26 22:05:00,ads,3,1,40,Russia,Petushki,Android
893,126300,7717,2023-12-26 22:05:00,organic,3,0,36,Russia,Shatura,Android
894,19528,110327,2023-12-26 22:05:01,ads,3,0,39,Russia,Belgorod,iOS
895,120079,17676,2023-12-26 22:05:01,organic,4,1,29,Russia,Sosenskiy,Android
896,121573,7717,2023-12-26 22:05:01,organic,0,0,36,Russia,Kaspiysk,Android
897,123893,126004,2023-12-26 22:05:01,organic,4,1,22,Russia,Pskov,Android
898,124873,7717,2023-12-26 22:05:01,organic,2,1,49,Russia,Anapa,iOS
899,125878,110327,2023-12-26 22:05:01,organic,3,0,39,Russia,Surgut,iOS
900,12601,124684,2023-12-26 22:05:03,ads,4,1,31,Russia,Orël,iOS
901,126003,110327,2023-12-26 22:05:03,organic,0,1,42,Russia,Achinsk,Android
902,14407,18931,2023-12-26 22:05:04,ads,1,0,22,Russia,Moscow,iOS
903,118158,4992,2023-12-26 22:10:00,organic,3,1,25,Russia,Yakutsk,Android
904,119029,7717,2023-12-26 22:10:00,organic,0,0,53,Azerbaijan,Beyləqan,Android
905,125368,110327,2023-12-26 22:10:00,organic,3,0,15,Russia,Yekaterinburg,Android
906,2077,110327,2023-12-26 22:10:03,ads,1,1,51,Russia,Moscow,Android
907,14668,7717,2023-12-26 22:10:03,ads,3,0,49,Russia,Moscow,iOS
908,121493,1524,2023-12-26 22:10:04,organic,2,0,19,Russia,Tula,iOS
909,125123,108621,2023-12-26 22:10:04,organic,4,0,26,Russia,Moscow,Android
910,125123,112316,2023-12-26 22:10:04,organic,4,0,26,Russia,Moscow,Android
911,126472,118612,2023-12-26 22:10:04,organic,1,1,34,Russia,Saint Petersburg,Android
912,126003,7717,2023-12-26 22:15:00,organic,0,1,42,Russia,Achinsk,Android
913,16178,109416,2023-12-26 22:15:01,ads,0,0,20,Russia,Moscow,Android
914,118316,114804,2023-12-26 22:15:01,organic,1,0,23,Russia,Berezniki,iOS
915,121573,17454,2023-12-26 22:15:01,organic,0,0,36,Russia,Kaspiysk,Android
916,17683,19528,2023-12-26 22:15:02,ads,4,0,33,Russia,Moscow,iOS
917,126003,7717,2023-12-26 22:15:02,organic,0,1,42,Russia,Achinsk,Android
918,126472,125261,2023-12-26 22:15:02,organic,1,1,34,Russia,Saint Petersburg,Android
919,125511,108145,2023-12-26 22:15:03,organic,4,1,28,Russia,Berdsk,Android
920,118814,5751,2023-12-26 22:15:04,organic,4,1,30,Russia,Ufa,Android
921,6345,123594,2023-12-26 22:20:00,ads,1,1,21,Russia,Irkutsk,Android
922,14026,14102,2023-12-26 22:20:00,ads,0,1,26,Russia,Perm,iOS
923,14227,17454,2023-12-26 22:20:00,ads,1,1,34,Russia,Ussuriysk,iOS
924,121376,15657,2023-12-26 22:20:00,organic,0,0,18,Russia,Kirishi,iOS
925,126003,7717,2023-12-26 22:20:01,organic,0,1,42,Russia,Achinsk,Android
926,17454,125188,2023-12-26 22:20:03,ads,1,1,34,Russia,Izhevsk,Android
927,125252,122145,2023-12-26 22:20:03,organic,2,0,48,Russia,Domodedovo,iOS
928,3209,7717,2023-12-26 22:20:04,ads,3,1,40,Russia,Petushki,Android
929,18779,121573,2023-12-26 22:22:33,ads,4,0,35,Russia,Nizhniy Lomov,iOS
930,123893,123572,2023-12-26 22:24:57,organic,4,1,22,Russia,Pskov,Android
931,119521,7717,2023-12-26 22:25:01,organic,0,0,39,Russia,Mukhorshibir,iOS
932,121573,110327,2023-12-26 22:25:01,organic,0,0,36,Russia,Kaspiysk,Android
933,12870,110327,2023-12-26 22:25:02,ads,4,1,15,Russia,Blagoveshchensk,Android
934,16419,8026,2023-12-26 22:25:02,ads,0,0,19,Russia,Glazov,iOS
935,122746,3652,2023-12-26 22:25:02,organic,0,1,23,Russia,Khunzakh,iOS
936,12601,14102,2023-12-26 22:30:01,ads,4,1,31,Russia,Orël,iOS
937,19496,7717,2023-12-26 22:30:01,ads,1,1,39,Russia,Nizhniy Tagil,iOS
938,124082,110327,2023-12-26 22:34:05,organic,0,0,39,Russia,Syktyvkar,Android
939,19842,14828,2023-12-26 22:35:00,ads,1,0,32,Russia,Novosibirsk,iOS
940,118814,16392,2023-12-26 22:35:00,organic,4,1,30,Russia,Ufa,Android
941,14227,17454,2023-12-26 22:35:01,ads,1,1,34,Russia,Ussuriysk,iOS
942,14407,124080,2023-12-26 22:35:01,ads,1,0,22,Russia,Moscow,iOS
943,16419,10388,2023-12-26 22:35:01,ads,0,0,19,Russia,Glazov,iOS
944,118316,118382,2023-12-26 22:35:01,organic,1,0,23,Russia,Berezniki,iOS
945,124813,114233,2023-12-26 22:35:01,organic,1,1,23,Belarus,Baranavichy,Android
946,120079,107182,2023-12-26 22:35:02,organic,4,1,29,Russia,Sosenskiy,Android
947,14476,7717,2023-12-26 22:35:04,ads,3,0,42,Russia,Saint Petersburg,Android
948,17683,125123,2023-12-26 22:35:04,ads,4,0,33,Russia,Moscow,iOS
949,19442,107182,2023-12-26 22:35:04,ads,2,1,29,Russia,Minusinsk,Android
950,19913,110216,2023-12-26 22:35:04,ads,4,1,23,Russia,Tambov,Android
951,114233,4276,2023-12-26 22:35:04,organic,3,1,27,Russia,Myski,Android
952,118316,112341,2023-12-26 22:35:04,organic,1,0,23,Russia,Berezniki,iOS
953,123893,14033,2023-12-26 22:35:07,organic,4,1,22,Russia,Pskov,Android
954,11911,112693,2023-12-26 22:40:00,ads,3,1,25,Russia,Chelyabinsk,iOS
955,123148,16832,2023-12-26 22:40:01,organic,2,0,30,Russia,Ryazan,iOS
956,3209,7717,2023-12-26 22:40:03,ads,3,1,40,Russia,Petushki,Android
957,14476,7717,2023-12-26 22:40:03,ads,3,0,42,Russia,Saint Petersburg,Android
958,14476,7717,2023-12-26 22:40:04,ads,3,0,42,Russia,Saint Petersburg,Android
959,109099,15041,2023-12-26 22:40:04,organic,0,0,21,Russia,Satka,iOS
960,123893,14033,2023-12-26 22:45:00,organic,4,1,22,Russia,Pskov,Android
961,3209,110327,2023-12-26 22:45:02,ads,3,1,40,Russia,Petushki,Android
962,14668,7717,2023-12-26 22:45:02,ads,3,0,49,Russia,Moscow,iOS
963,121573,110327,2023-12-26 22:45:02,organic,0,0,36,Russia,Kaspiysk,Android
964,124082,7717,2023-12-26 22:45:02,organic,0,0,39,Russia,Syktyvkar,Android
965,124684,9231,2023-12-26 22:45:02,organic,4,1,26,Russia,Uray,Android
966,6561,123069,2023-12-26 22:45:03,ads,1,1,29,Ukraine,Kamianske,Android
967,109099,17676,2023-12-26 22:45:03,organic,0,0,21,Russia,Satka,iOS
968,125188,7717,2023-12-26 22:45:03,organic,4,1,40,Russia,Engels,Android
969,19913,18931,2023-12-26 22:50:01,ads,4,1,23,Russia,Tambov,Android
970,125294,125123,2023-12-26 22:50:01,organic,1,1,25,Russia,Rostov,iOS
971,125450,15568,2023-12-26 22:50:01,organic,2,1,21,Russia,Saint Petersburg,Android
972,109908,110327,2023-12-26 22:50:03,organic,0,1,15,Russia,Perm,Android
973,124873,7717,2023-12-26 22:50:04,organic,2,1,49,Russia,Anapa,iOS
974,18931,121684,2023-12-26 22:55:00,ads,0,0,19,Ukraine,Rivne,Android
975,125294,107858,2023-12-26 22:55:00,organic,1,1,25,Russia,Rostov,iOS
976,126003,110327,2023-12-26 22:55:00,organic,0,1,42,Russia,Achinsk,Android
977,14668,7717,2023-12-26 22:55:01,ads,3,0,49,Russia,Moscow,iOS
978,17703,13275,2023-12-26 22:55:01,ads,2,0,22,Russia,Baltiysk,Android
979,125368,110327,2023-12-26 22:55:01,organic,3,0,15,Russia,Yekaterinburg,Android
980,14668,7717,2023-12-26 22:55:02,ads,3,0,49,Russia,Moscow,iOS
981,118316,112487,2023-12-26 22:55:02,organic,1,0,23,Russia,Berezniki,iOS
982,126693,118612,2023-12-26 22:55:02,organic,0,0,26,Russia,Moscow,iOS
983,14476,7717,2023-12-26 22:55:03,ads,3,0,42,Russia,Saint Petersburg,Android
984,124803,110327,2023-12-26 22:55:04,organic,1,0,44,Russia,Megion,Android
985,109908,110327,2023-12-26 23:00:00,organic,0,1,15,Russia,Perm,Android
986,120079,108145,2023-12-26 23:00:00,organic,4,1,29,Russia,Sosenskiy,Android
987,121573,110327,2023-12-26 23:00:01,organic,0,0,36,Russia,Kaspiysk,Android
988,17703,1641,2023-12-26 23:00:02,ads,2,0,22,Russia,Baltiysk,Android
989,125163,7717,2023-12-26 23:00:02,organic,4,1,55,Russia,Moscow,iOS
990,17683,121573,2023-12-26 23:00:03,ads,4,0,33,Russia,Moscow,iOS
991,124082,7717,2023-12-26 23:00:03,organic,0,0,39,Russia,Syktyvkar,Android
992,125511,12338,2023-12-26 23:00:04,organic,4,1,28,Russia,Berdsk,Android
993,17703,116434,2023-12-26 23:05:00,ads,2,0,22,Russia,Baltiysk,Android
994,125163,110327,2023-12-26 23:05:00,organic,4,1,55,Russia,Moscow,iOS
995,11911,109869,2023-12-26 23:05:01,ads,3,1,25,Russia,Chelyabinsk,iOS
996,126472,12338,2023-12-26 23:05:01,organic,1,1,34,Russia,Saint Petersburg,Android
997,126003,7717,2023-12-26 23:05:02,organic,0,1,42,Russia,Achinsk,Android
998,12601,125261,2023-12-26 23:05:03,ads,4,1,31,Russia,Orël,iOS
999,124813,107230,2023-12-26 23:05:04,organic,1,1,23,Belarus,Baranavichy,Android
